id,name,kind,type,effect,tags
AA-1,【花魁鳥】花譜,Artist,赤,【登場時効果】VOL+1【登場条件】ステージのActive状態の2枚のArtistカード「花譜」をトラッシュすることで、トラッシュされた花譜がいた場のいずれかのステージにActive状態で出すことができる。【特殊能力】このカードをStandby状態にし、魔力Ωを好きなだけ消費する。その後、魔力Ωを消費した数と同じ数のVOLを獲得する。,花譜/進化/【登場】VOL獲得/【能力】VOL獲得/魔力Ω消費/SD花譜
AA-2,【花魁鳥】理芽,Artist,青,【登場時効果】VOL+1【登場条件】ステージのActive状態の2枚のArtistカード「理芽」をトラッシュすることで、トラッシュされた理芽がいた場のいずれかのステージにActive状態で出すことができる。【特殊能力】このカードをStandby状態にし、魔力Ωを好きなだけ消費する。その後、魔力Ωを消費した数と同じ数のVOLを獲得する。,理芽/進化/【登場】VOL獲得/【能力】VOL獲得/魔力Ω消費/SD理芽
AA-3,【花魁鳥】春猿火,Artist,黄,【登場時効果】VOL+1【登場条件】ステージのActive状態の2枚のArtistカード「春猿火」をトラッシュすることで、トラッシュされた春猿火がいた場のいずれかのステージにActive状態で出すことができる。【特殊能力】このカードをStandby状態にし、魔力Ωを好きなだけ消費する。その後、魔力Ωを消費した数と同じ数のVOLを獲得する。,春猿火/進化/【登場】VOL獲得/【能力】VOL獲得/魔力Ω消費/SD春猿火
AA-4,【花魁鳥】ヰ世界情緒,Artist,白,【登場時効果】VOL+1【登場条件】ステージのActive状態の2枚のArtistカード「ヰ世界情緒」をトラッシュすることで、トラッシュされたヰ世界情緒がいた場のいずれかのステージにActive状態で出すことができる。【特殊能力】このカードをStandby状態にし、魔力Ωを好きなだけ消費する。その後、魔力Ωを消費した数と同じ数のVOLを獲得する。,ヰ世界情緒/進化/【登場】VOL獲得/【能力】VOL獲得/魔力Ω消費/SDヰ世界情緒
AA-5,【花魁鳥】幸祜,Artist,黒,【登場時効果】VOL+1【登場条件】ステージのActive状態の2枚のArtistカード「幸祜」をトラッシュすることで、トラッシュされた幸祜がいた場のいずれかのステージにActive状態で出すことができる。【特殊能力】このカードをStandby状態にし、魔力Ωを好きなだけ消費する。その後、魔力Ωを消費した数と同じ数のVOLを獲得する。,幸祜/進化/【登場】VOL獲得/【能力】VOL獲得/魔力Ω消費/SD幸祜
AA-6,【雛鳥】花譜,Artist,赤,【登場時効果】魔力β+1【特殊能力】魔力βが2個以上あるなら使用できる。このカードをStandby状態にする。その後、相手の山札の一番上のカードをトラッシュする。,花譜/【登場】魔力β生成/Lo/魔力β参照/SD花譜
AA-7,【雛鳥黑】花譜,Artist,赤,【登場時効果】VOL+1【登場条件】ステージのActive状態のArtistカード「【雛鳥】花譜」をトラッシュすることで、「【雛鳥】花譜」がいたステージにActive状態で出すことができる。【特殊能力】魔力βが4個以上あるなら使用できる。このカードをStandby状態にする。その後、相手のArtistを1枚選び、そのカードをStandby状態にする。,花譜/進化/【登場】VOL獲得/Standby化/魔力β参照/SD花譜
AA-8,【始まりの歌】花譜,Artist,赤,【特殊能力】このカードをStandby状態にし、手札から1枚選びトラッシュする。その後、魔力βを1個生成する。,花譜/【能力】魔力β生成/SD花譜
AA-9,【全部私の物だ】花譜,Artist,赤,【登場時効果】魔力β+1【特殊能力】このカードをStandby状態にする。その後、手札から1枚選び山札の一番上のカードと入れ替える。,花譜/【登場】魔力β生成/山上干渉/SD花譜
AA-10,【巡り会って】花譜,Artist,赤,【登場時効果】魔力α+1【登場条件】魔力αが2個以上あるならステージに出すことができる。【特殊能力】このカードをStandby状態にする。その後、山札の上から3枚を見て、その中から赤タイプのSongカードを1枚選び、相手に見せて手札に加える。残りのカードは山札に戻してよくきる。,花譜/【登場】魔力α生成/Songサーチ/魔力α参照/SD花譜
AA-11,【歪な感情】花譜,Artist,赤,【特殊能力】このカードをStandby状態にし、手札から1枚選びトラッシュする。その後、サイコロを振り4以上なら、魔力βを1個生成する。,花譜/【能力】魔力β生成/手札消費/サイコロ/SD花譜
AA-12,【Nightwings】理芽,Artist,青,【登場時効果】魔力α+1【特殊能力】魔力αが2個以上あるなら使用できる。このカードをStandby状態にする。その後、山札から1枚引く。,理芽/【登場】魔力α生成/ドロー/魔力α参照/SD理芽
AA-13,【Chilldhood's End】理芽,Artist,青,【登場時効果】VOL+1【登場条件】ステージのActive状態のArtistカード「【Nightwings】理芽」をトラッシュすることで、「【Nightwings】理芽」がいたステージにActive状態で出すことができる。【特殊能力】魔力αが4個以上あるなら使用できる。このカードをStandby状態にする。その後、相手の手札を見て、好きなカードを1枚トラッシュする。,理芽/進化/【登場】VOL獲得/ハンデス/魔力α参照/SD理芽
AA-14,【簡単な答え】理芽,Artist,青,【登場条件】魔力βが2個以上あるならステージに出すことができる。【特殊能力】魔カβが3個以上あるなら使用できる。このカードをStandby状態にする。その後、相手の魔カαを1個消失する。,理芽/魔力α消失/魔力β参照/SD理芽
AA-15,【君は誰も】理芽,Artist,青,【登場時効果】魔力β+1【特殊能力】このカードをStandby状態にする。その後、自分のステージの他のArtistを1枚選びこのカードと場所を入れ替える。,理芽/【登場】魔力β生成/移動/SD理芽
AA-16,【感覚澄まして】理芽,Artist,青,【登場時効果】魔力β+1【特殊能力】このカードをStandby状態にする。その後、山札の上から2枚を見て、その中の1枚を選び、手札に加える。残りのカードはトラッシュする。,理芽/【登場】魔力β生成/ドロー/山札消費/SD理芽
AA-17,【火をつけて】理芽,Artist,青,【特殊能力】このカードをStandby状態にして、手札を2枚トラッシュする。その後、魔力βを1個生成する。,理芽/【能力】魔力β生成/手札消費/SD理芽
AA-18,【始まりの台風】春猿火,Artist,黄,【特殊能力】魔力αが3個以上あるなら使用できる。このカードをStandby状態にする。その後、魔力βを1個生成する。,春猿火/【能力】魔力β生成/魔力α参照/SD春猿火
AA-19,【丹頂】春猿火,Artist,黄,【登場時効果】VOL+1【登場条件】ステージのActive状態のArtistカード「【始まりの台風】春猿火」をトラッシュすることで、「【始まりの台風】春猿火」がいたステージにActive状態で出すことができる。【特殊能力】魔力αを1個消費する。その後、相手のステージのArtistを1枚選び、その特殊能力を使用する。特殊能力を使用するための条件は満たす必要がある。,春猿火/【登場】VOL獲得/進化/コピー/魔力α消費/SD春猿火
AA-20,【夜が明けるまで】春猿火,Artist,黄,【登場時効果】魔力α+1【特殊能力】このカードをStandby状態にする。魔力βを1個消費する。その後、サイコロを振り、偶数なら相手の魔力αを1個消失する。,春猿火/【登場】魔力α生成/サイコロ/魔力α消失/魔力β消費/SD春猿火
AA-21,【私と君の世界】春猿火,Artist,黄,【登場時効果】魔力α+1【特殊能力】自分のVOLが5点以下なら使用できる。このカードをStandby状態にする。その後、山札の上から5枚を見て、その中からMagicカードを1枚選び相手に見せて手札に加える。残りのカードは山札に戻してよくきる。,春猿火/【登場】魔力α生成/Magicサーチ/SD春猿火
AA-22,【番狂わせ】春猿火,Artist,黄,【登場時効果】魔力β+1【特殊能力】魔力βが2個以上あるなら使用できる。このカードをStandby状態にする。その後、相手の山札の上から1枚トラッシュする。,春猿火/【登場】魔力β生成/Lo/魔力β参照/SD春猿火
AA-23,【STAY HIGH】春猿火,Artist,黄,【特殊能力】魔力βが4個以上あるなら使用できる。このカードをStandby状態にする。次の相手のターンの終わりまで、このカードの正面のArtistは特殊能力がなくなる。,春猿火/能力不可/魔力β参照/SD春猿火
AA-24,【Anemone】ヰ世界情緒,Artist,白,【登場時効果】魔力α+1【特殊能力】魔力αが2個以上あるなら使用できる。このカードをStandby状態にする。その後、山札の上から1枚引く。,ヰ世界情緒/【登場】魔力α生成/ドロー/魔力α参照/SDヰ世界情緒
AA-25,【Heliotrope】ヰ世界情緒,Artist,白,【登場時効果】VOL+1【登場条件】ステージのActive状態のArtistカード「【Anemone】ヰ世界情緒」をトラッシュすることで、「【Anemone】ヰ世界情緒」がいたステージにActive状態で出すことができる。【特殊能力】相手よりも魔力αが多く、このカードがActive状態なら、相手は魔力βを消費するMagicカードを使用するための魔力βの数は1個多くなる。,ヰ世界情緒/【登場】VOL獲得/進化/コスト増加/SDヰ世界情緒
AA-26,【はじめまして】ヰ世界情緒,Artist,白,【特殊能力】手札からステージに出すとき、Active状態で出すことができる。,ヰ世界情緒/速攻/SDヰ世界情緒
AA-27,【しがない末路】ヰ世界情緒,Artist,白,【登場時効果】魔力α+1【特殊能力】このカードをStandby状態にして、魔力αを2個消費する。その後、山札の上から5枚を見て、その中から即時タイプのMagicカードを1枚選び、相手に見せて手札に加える。残りのカードは山札に戻してよくきる。,ヰ世界情緒/【登場】魔力α生成/Magicサーチ/魔力α消費/SDヰ世界情緒
AA-28,【心の真ん中に】ヰ世界情緒,Artist,白,【登場時効果】魔力β+1【特殊能力】このカードをStandby状態にして、魔力αを2個消費する。その後、自分のステージの他のStandby状態のArtistを1枚選び、Active状態にする。,ヰ世界情緒/【登場】魔力β生成/Active化/魔力α消費/SDヰ世界情緒
AA-29,【ぱっぱっぱっ】ヰ世界情緒,Artist,白,【特殊能力】このカードをStandby状態にする。サイコロを振り、偶数なら魔力αを1個生成する。,ヰ世界情緒/【能力】魔力α生成/サイコロ/SDヰ世界情緒
AA-30,【Bellatrix】幸祜,Artist,黒,【特殊能力】相手よりも獲得したVOLが少ないなら使用できる。このカードをStandby状態にする。その後、山札から1枚引く。,幸祜/ドロー/SD幸祜
AA-31,【Alnair】幸祜,Artist,黒,【登場時効果】VOL+1【登場条件】ステージのActive状態のArtistカード「【Bellatrix】幸祜」をトラッシュすることで、「【Bellatrix】幸祜」がいたステージにActive状態で出すことができる。【特殊能力】相手よりも獲得したVOLが少なく、このカードがActive状態なら発動する。自分がMagicカードを使用するために消費する魔力αの数が1個少なくなる。,幸祜/【登場】VOL獲得/進化/コスト軽減/SD幸祜
AA-32,【終わりまで】幸祜,Artist,黒,【登場時効果】魔力α+1【特殊能力】このカードをStandby状態にする。その後、サイコロを振って4以上なら、魔力αを1個生成する。,幸祜/【登場】魔力α生成/【能力】魔力α生成/サイコロ/SD幸祜
AA-33,【綺麗事】幸祜,Artist,黒,【登場時効果】魔力α+1【特殊能力】手札からステージに出たときに1回使用できる。山札の上から2枚引く。,幸祜/【登場】魔力α生成/ドロー/SD幸祜
AA-34,【全ての願いを】幸祜,Artist,黒,【登場時効果】魔力β+1【特殊能力】魔力βが2個以上あるなら使用できる。このカードをStandby状態にする。その後、山札から1枚引く。,幸祜/【登場】魔力β生成/ドロー/魔力β参照/SD幸祜
AA-35,【きりがないの】幸祜,Artist,黒,【特殊能力】サイコロを振った直後に、このカードをStandby状態にして、魔力αを1個消費することで使用できる。サイコロを振りなおすことができる。,幸祜/出目干渉/魔力α消費/SD幸祜
BA-1,【燕】花譜,Artist,赤,【登場時効果】魔力α+1【特殊能力】手札からステージに出たとき1回使用できる。山札の上から5枚を見て、その中から赤タイプのSongカードを1枚選び、相手に見せて手札に加える。残りのカードは山札に戻してよくきる。,花譜/【登場】魔力α生成/Songサーチ
BA-2,【軍鶏】花譜,Artist,赤,【登場時効果】魔力β+1【特殊能力】このカードをStandby状態にし、魔力βを2個消費する。その後、正面のArtistについている装備タイプのMagicカードをトラッシュする。,花譜/【登場】魔力β生成/破壊/魔力β消費
BA-3,【淡い光に】明透,Artist,赤,【登場時効果】魔力β+1【特殊能力】手札からステージに出たときに1回使用できる。手札の中から1枚を選び、それ以外のカードを裏にしてよくきり、山札の1番下に戻す。,明透/【登場】魔力β生成
BA-4,【超常現象】MYU,Artist,赤,【登場時効果】魔力β+1【特殊能力】このカードをStandby状態にする。サイコロを振り、4以上なら魔力βを1個生成する。,MYU/【登場】魔力β生成/【能力】魔力β生成/サイコロ/現象
BA-5,【向き合えたら】可不,Artist,赤,【登場時効果】魔力α+1【特殊能力】魔力αが2個以上あるなら使用できる。このカードをStandby状態にする。その後、サイコロを振り、奇数ならトラッシュからSongカードを1枚選び、相手に見せ山札に戻してよくきる。,可不/【登場】魔力α生成/魔力α参照/サルベージ/サイコロ
BA-6,【忘れないでね】Albemuth(黑),Artist,赤,【登場時効果】魔力α+1【特殊能力】魔力Ωを1個消費して、このカードをStandby状態にする。その後、サイコロを振り、相手は以下の魔力αを消失する。2以下なら1個、3か4なら2個、5以上なら3個。,Albemuth(黑)/【登場】魔力α生成/魔力α消失/魔力Ω消費/サイコロ/Albemuth
BA-7,【軍鶏(想)】花譜,Artist,赤,【特殊能力】手札からステージに出たとき使用できる。手札から2枚トラッシュしてもよい。2枚トラッシュした場合、トラッシュから赤タイプのSongを1枚選び、相手に見せて手札に加える。ただし、このカードの効果でトラッシュしたSongカードは選べない。,花譜/サルベージ/手札消費
BA-8,【言葉は届くなら】V.W.P,Artist,赤,【登場時効果】魔力β+2【登場条件】自分のステージにArtistが4枚以上出ているなら、ステージに出すことができる。【特殊能力】このカードをStandby状態にし、手札を2枚トラッシュする。その後、魔力Ωを1個生成する。,V.W.P/【登場】魔力β生成/【能力】魔力Ω生成/手札消費
BA-9,【雉】花譜,Artist,赤,【登場時効果】VOL+1【登場条件】ステージのActive状態のArtistカード「【燕】花譜」をトラッシュすることで、「【燕】花譜」がいたステージにActive状態で出すことができる。【特殊能力】魔力αが3個以上あるなら使用できる。このカードをStandby状態にする。その後、山札の上から5枚を見て、その中から赤タイプのSongカードを1枚選び、相手に見せて手札に加える。残りのカードは山札に戻してよくきる。,花譜/進化/【登場】VOL獲得/Songサーチ/魔力α参照
BA-10,【雉】花譜[SR],Artist,赤,【登場時効果】VOL+1【登場条件】ステージのActive状態のArtistカード「【燕】花譜」をトラッシュすることで、「【燕】花譜」がいたステージにActive状態で出すことができる。【特殊能力】魔力αが3個以上あるなら使用できる。このカードをStandby状態にする。その後、山札の上から5枚を見て、その中から赤タイプのSongカードを1枚選び、相手に見せて手札に加える。残りのカードは山札に戻してよくきる。,花譜/進化/【登場】VOL獲得/Songサーチ/魔力α参照/SR
BA-11,【The Cosmic Puppets】理芽,Artist,青,【特殊能力】魔力αと魔力βが合計6個以上あるなら使用できる。このカードをStandby状態にする。その後、手札が4枚になるまでカードを引く。,理芽/ドロー/魔力α参照/魔力β参照
BA-12,【もうすぐで嵐がくる】理芽,Artist,青,【登場時効果】魔力α+1【特殊能力】手札からステージに出たときに、魔力Ωが1個以上あるなら使用できる。お互いの手札を山札に戻してよくきる。その後、相手は3枚、自分は6枚山札を引く。,理芽/【登場】魔力α生成/ドロー/魔力Ω参照
BA-13,【「どうにかなるよ」】CIEL,Artist,青,【登場時効果】魔力β+1【特殊能力】魔力Ωが3個以上あるなら使用できる。Magicカードを使用するときにこのカードをStandby状態にする。その後、そのMagicカードを使用するために消費する魔力αの個数が1少なくなる。,CIEL/【登場】魔力β生成/コスト軽減/魔力Ω参照
BA-14,【超常現象】VITTE,Artist,青,【登場時効果】魔力α+1【特殊能力】このカードが手札からステージに出た時に使用できる。自分のステージのArtistを好きなように入れ替える。,VITTE/【登場】魔力α生成/移動
BA-15,【夢を見たいな】裏命,Artist,青,【登場時効果】魔力α+1【特殊能力】このカードが手札からステージに出た時に使用できる。魔力αと魔力βを1個ずつ消費する。その後、魔力Ωを1個生成する。,裏命/【登場】魔力α生成/【能力】魔力Ω生成/魔力α消費/魔力β消費
BA-16,【きっと愛してみせるわ】Albemuth(皓),Artist,青,【登場条件】自分のステージにArtistが3枚以上出ているなら、ステージに出すことができる。【特殊能力】Magicカードを使用するときにこのカードをStandby状態し、魔力αを1個消費する。その後、Magicカードを使用するために消費する魔力βの数が1個少なくなる。,Albemuth(皓)/コスト軽減/魔力α消費/Albemuth
BA-17,【君の詩を】V.W.P,Artist,青,【登場時効果】魔力α+2【登場条件】自分のステージにArtistが4枚以上出ているなら、ステージに出すことができる。【特殊能力】サイコロを振る前に、このカードをStandby状態にして、魔力αを1個消費することで使用できる。サイコロの目を1増加する。,V.W.P/【登場】魔力α生成/出目干渉/魔力α消費
BA-18,【Counter-Clock World】理芽,Artist,青,【登場時効果】VOL+1【登場条件】ステージのActive状態のArtistカード「【The Cosmic Puppets】理芽」をトラッシュすることで、「【The Cosmic Puppets】理芽」がいたステージにActive状態で出すことができる。【特殊能力】魔力Ωが2個あるなら、手札からステージに出たときに使用できる。相手のDirectionを1枚選び、トラッシュする。,理芽/進化/【登場】VOL獲得/破壊/魔力Ω参照
BA-19,【遊び足りない】裏命,Artist,青,【登場時効果】魔力Ω+1【登場条件】ステージのActive状態のArtistカード「【夢を見たいな】裏命」をトラッシュすることで、「【夢を見たいな】裏命」がいたステージにActive状態で出すことができる。【特殊能力】魔力Ωが2個あるなら使用できる。このカードをStandby状態にする。その後、サイコロを振り、3以下なら1枚、4以上なら3枚山札を引く。,裏命/進化/【登場】魔力Ω生成/ドロー/サイコロ/魔力Ω参照
BA-20,【Counter-Clock World】理芽[SR],Artist,青,【登場時効果】VOL+1【登場条件】ステージのActive状態のArtistカード「【The Cosmic Puppets】理芽」をトラッシュすることで、「【The Cosmic Puppets】理芽」がいたステージにActive状態で出すことができる。【特殊能力】魔力Ωが2個あるなら、手札からステージに出たときに使用できる。相手のDirectionを1枚選び、トラッシュする。,理芽/進化/【登場】VOL獲得/破壊/魔力Ω参照/SR
BA-21,【昭和三色】春猿火,Artist,黄,【登場時効果】魔力β+1【特殊能力】Standby状態にする。その後、サイコロを振り、4以上なら魔力βを1個生成する。,春猿火/【登場】魔力β生成/【能力】魔力β生成/サイコロ
BA-22,【そばにいる】春猿火,Artist,黄,【登場時効果】魔力β+1【登場条件】魔力αが2個以上あるならステージに出すことができる。【特殊能力】手札からステージに出したときに使用できる。サイコロを振り、奇数ならトラッシュから黄タイプのArtistを1枚相手に見せて手札に加える。,春猿火/【登場】魔力β生成/サルベージ/色補助【黄】/サイコロ
BA-23,【ロマネスク】VALIS,Artist,黄,【特殊能力】Standby状態にする。2回サイコロを振り、1回目より2回目の方が大きければ魔力αを1個生成する。,VALIS/【能力】魔力α生成/サイコロ
BA-24,【ナイトメア】VALIS,Artist,黄,【登場時効果】魔力α+1【特殊能力】Active状態ならこのカードは相手のMagicカードの効果を受けない。,VALIS/【登場】魔力α生成/耐性
BA-25,【REPEATして】羽累,Artist,黄,【特殊能力】Active状態なら相手は魔力αを消費するMagicカードを使用するための魔力αの数は1個多くなる。,羽累/コスト増加
BA-26,【ズルいよね】羽累,Artist,黄,【特殊能力】魔力αが3個以上あるなら手札からステージに出したときに使える。Standby状態にして、トラッシュのArtistカード「春猿火」を1枚選び相手に見せ山札に戻してよくきる。,羽累/サルベージ/魔力α参照
BA-27,【追い風へと飛び乗って】春猿火,Artist,黄,【登場時効果】魔力β+1【特殊能力】装備タイプのMagicカードを2枚まで付けられる。この特殊能力がなくなったとき、1枚になるようにトラッシュする。,春猿火/追加装備
BA-28,【嫌々と苦しめた】V.W.P,Artist,黄,【登場時効果】VOL+1【登場条件】ステージのActive状態のArtistカード「春猿火」とArtistカード「ヰ世界情緒」をトラッシュすることで、トラッシュされたカードがいた場のいずれかのステージにActive状態で出すことができる。【特殊能力】Standby状態にして、自分の手札を1枚トラッシュする。その後、相手の山札を2枚トラッシュする。,V.W.P/進化/【登場】VOL獲得/Lo/手札消費
BA-29,【五色】春猿火,Artist,黄,【登場時効果】VOL+1【登場条件】ステージのActive状態のArtistカード「【昭和三色】春猿火」をトラッシュすることで、「【昭和三色】春猿火」がいたステージにActive状態で出すことができる。【特殊能力】魔力βが3個以上あるなら使用できる。Standby状態にする。その後、自分のステージのArtistの数だけサイコロを振り、4以上が2回でたら相手の魔力αを1個、4回以上出たら相手の魔力αを2個消失する。,春猿火/【登場】VOL獲得/進化/魔力α消失/サイコロ/魔力β参照
BA-30,【五色】春猿火[SR],Artist,黄,【登場時効果】VOL+1【登場条件】ステージのActive状態のArtistカード「【昭和三色】春猿火」をトラッシュすることで、「【昭和三色】春猿火」がいたステージにActive状態で出すことができる。【特殊能力】魔力βが3個以上あるなら使用できる。Standby状態にする。その後、自分のステージのArtistの数だけサイコロを振り、4以上が2回でたら相手の魔力αを1個、4回以上出たら相手の魔力αを2個消失する。,春猿火/【登場】VOL獲得/進化/魔力α消失/サイコロ/魔力β参照/SR
BA-31,【Nemophila】ヰ世界情緒,Artist,白,【登場時効果】魔力α+1【特殊能力】Standby状態にする。その後、サイコロを振り、4以上なら魔力αを1個生成する。,ヰ世界情緒/【登場】魔力α生成/【能力】魔力α生成/サイコロ
BA-32,【願いを込めて】ヰ世界情緒,Artist,白,【登場時効果】魔力α+1【特殊能力】手札からステージに出たときに使える。山札を1枚引く。,ヰ世界情緒/【登場】魔力α生成/ドロー
BA-33,【超常現象】CHINO,Artist,白,【特殊能力】魔力αを4個消費し、Standby状態にする。その後、サイコロを2回振り、2回とも5以上なら自分のターンを終了し、もう一度自分のターンをはじめる。ただし、前の自分のターンでこの特殊能力の効果を使っていた場合、使用できない。,CHINO/EXターン/魔力α消費/サイコロ/現象
BA-34,【DISCOTHEQUE】ヰ世界情緒,Artist,白,【特殊能力】手札からステージに出たときに使える。このカードの両隣のArtistをActive状態にする。ただし、Songカードを使用したArtistカードはActive状態にできない。,ヰ世界情緒/Active化
BA-35,【扉が開いた】星界,Artist,白,【登場時効果】魔力β+1【特殊能力】手札からステージに出たときに使える。サイコロを振り、6ならVOLを1点獲得する。,星界/【登場】魔力β生成/【能力】VOL獲得/サイコロ
BA-36,【かっこいい大人になる】星界,Artist,白,【特殊能力】Standby状態にして、魔力βを3個消費する。次の相手のターンの終わりまで、正面のArtistでSongカードを使用できない。,星界/使用妨害/魔力β消費
BA-37,【巧みなTrap】ヰ世界情緒,Artist,白,【登場時効果】魔力β+1【特殊能力】装備タイプのMagicカードを2枚まで付けられる。この特殊能力がなくなったとき、1枚になるようにトラッシュする。,ヰ世界情緒/【登場】魔力β生成/追加装備
BA-38,【高々に踊る心臓】V.W.P,Artist,白,【登場時効果】VOL+1【登場条件】ステージのActive状態のArtistカード「ヰ世界情緒」とArtistカード「春猿火」を1枚ずつトラッシュすることで、トラッシュされたカードがいた場のいずれかのステージにActive状態で出すことができる。【特殊能力】このカードがActive状態なら、相手は1枚のSongカードで2個以上の魔力βを生成するとき、1個少なくなる。ただし、1個未満にはならない。,V.W.P/進化/【登場】VOL獲得/魔力β消失
BA-39,【Calla lily】ヰ世界情緒,Artist,白,【登場時効果】VOL+1【登場条件】ステージのActive状態のArtistカード「【Nemophila】ヰ世界情緒」をトラッシュすることで、「【Nemophila】ヰ世界情緒」がいたステージにActive状態で出すことができる。【特殊能力】このカードがActive状態なら、このカードは相手のSongカードの効果を受けない。,ヰ世界情緒/【登場】VOL獲得/進化/耐性
BA-40,【Calla lily】ヰ世界情緒[SR],Artist,白,【登場時効果】VOL+1【登場条件】ステージのActive状態のArtistカード「【Nemophila】ヰ世界情緒」をトラッシュすることで、「【Nemophila】ヰ世界情緒」がいたステージにActive状態で出すことができる。【特殊能力】このカードがActive状態なら、このカードは相手のSongカードの効果を受けない。,ヰ世界情緒/【登場】VOL獲得/進化/耐性/SR
BA-41,【開演 Bellatrix】幸祜,Artist,黒,【特殊能力】魔力αが1個以上あるなら使用できる。このカードをStandby状態にする。その後、山札の上から1枚引く。,幸祜/ドロー/魔力α参照
BA-42,【想像を超えていけ】幸祜,Artist,黒,【登場時効果】魔力α+1【特殊能力】このカードをStandby状態にして、魔力Ωを1個消費する。VOLを1点獲得する。,幸祜/【登場】魔力α生成/【能力】VOL獲得/魔力Ω消費
BA-43,【超常現象】RARA,Artist,黒,【登場時効果】魔力β+1【特殊能力】サイコロを振った直後に、このカードをStandby状態にして、魔力βを1個消費することで使用できる。サイコロを振りなおすことができる。,RARA/【登場】魔力β生成/出目干渉/魔力β消費/現象
BA-44,【超常現象】NEFFY,Artist,黒,【登場時効果】魔力β+1【特殊能力】魔力βが3個以上あるなら使用できる。このカードをStandby状態にする。その後、相手の手札を見ずに1枚トラッシュする。,NEFFY/【登場】魔力β生成/ハンデス/魔力β参照/現象
BA-45,【絶対安全！】狐子,Artist,黒,【登場時効果】魔力α+1【特殊能力】このカードがActive状態なら、お互いのSongカードによる山札をトラッシュする効果の影響を受けない。,狐子/【登場】魔力α生成/耐性
BA-46,【必要なのよ】狐子,Artist,黒,【特殊能力】名前に「デュエル」とつくMagicカードを使用するときに、このカードをStandby状態にすることで使用できる。サイコロの目を1増加する。,狐子/出目干渉/デュエル
BA-47,【ハリボテの両の腕で】V.W.P,Artist,黒,【登場時効果】魔力α+2【登場条件】自分のステージにArtistが4枚以上出ているなら、ステージに出すことができる。【特殊能力】魔力αが3個以上あるなら使用できる。このカードをStandby状態にする。その後、トラッシュから黒タイプのSongカードを2枚まで選び、相手に見せて山札に戻してよくきる。,V.W.P/【登場】魔力α生成/サルベージ/魔力α参照
BA-48,【Betelgeuse】幸祜,Artist,黒,【登場時効果】VOL+1【登場条件】ステージのActive状態のArtistカード「【開演 Bellatrix】幸祜」をトラッシュすることで、「【開演 Bellatrix】幸祜」がいたステージにActive状態で出すことができる。【特殊能力】魔力Ωが1個以上あるなら使用できる。このカードをStandby状態にする。その後、魔力αを1個生成する。,幸祜/進化/【登場】VOL獲得/【能力】魔力α生成/魔力Ω参照
BA-49,【見返してやる】狐子,Artist,黒,【登場時効果】魔力β+1【特殊能力】名前に「デュエル」とつくMagicカードを使用するときに、このカードをStandby状態にし、魔力αを1消費することで使用できる。サイコロの目を2増加する。,狐子/【登場】魔力β生成/出目干渉/魔力α消費/デュエル
BA-50,【Betelgeuse】幸祜[SR],Artist,黒,【登場時効果】VOL+1【登場条件】ステージのActive状態のArtistカード「【開演 Bellatrix】幸祜」をトラッシュすることで、「【開演 Bellatrix】幸祜」がいたステージにActive状態で出すことができる。【特殊能力】魔力Ωが1個以上あるなら使用できる。このカードをStandby状態にする。その後、魔力αを1個生成する。,幸祜/進化/【登場】VOL獲得/【能力】魔力α生成/魔力Ω参照/SR
CA-1,【KAMITSUBAKI COLLECTION】花譜,Artist,赤,【特殊能力】魔力βが4個以上あるなら使用できる。手札からステージに出たときに使用できる。相手の場のDirectionを1枚選び、トラッシュする。,花譜/破壊/魔力β参照
CA-2,【KAMITSUBAKI COLLECTION】理芽,Artist,青,【登場時効果】魔力α+1【特殊能力】魔力αが2個以上あるなら使用できる。このカードをStandby状態にする。その後、自分のステージのArtistを2枚選び、場所を入れ替える。,理芽/【登場】魔力α生成/移動/魔力α参照
CA-3,【KAMITSUBAKI COLLECTION】春猿火,Artist,黄,【特殊能力】手札からステージに出たときに使用できる。魔力αを1個消費する。その後、サイコロを振り、3以下なら相手の魔力αを1個、4以上なら相手の魔力αを2個消失する。,春猿火/魔力α消失/魔力α参照/サイコロ
CA-4,【KAMITSUBAKI COLLECTION】ヰ世界情緒,Artist,白,【特殊能力】手札からステージに出たときに使用できる。魔力βを1個消費する。その後、サイコロを振り、3以下なら相手の魔力βを1個、4以上なら相手の魔力βを2個消失する。,ヰ世界情緒/魔力β消失/魔力β参照/サイコロ
CA-5,【KAMITSUBAKI COLLECTION】幸祜,Artist,黒,【特殊能力】手札からステージに出たときに使用できる。相手よりも魔力βが少ないなら、相手の魔力βを1個消失する。,幸祜/魔力β消失
CA-6,【KAMITSUBAKI COLLECTION】CIEL,Artist,青,【特殊能力】魔力αを2個消費して、このカードをStandby状態にする。その後、山札を2枚引く。,CIEL/ドロー/魔力α消費
CA-7,【KAMITSUBAKI COLLECTION】明透,Artist,赤,【特殊能力】魔力αが4個以上あるなら、手札からステージに出たときに使用できる。相手のステージのArtistが4枚になるまでトラッシュする。トラッシュするArtistは相手が選ぶ。,明透/破壊/魔力α参照
CA-8,【KAMITSUBAKI COLLECTION】CHINO,Artist,白,【登場時効果】魔力α+1【特殊能力】手札からステージに出たときに使用できる。山札の上から2枚を見て、1枚を手札に加える。残りは山札の下に戻す。,CHINO/【登場】魔力α生成/ドロー
CA-9,【KAMITSUBAKI COLLECTION】MYU,Artist,赤,【特殊能力】魔力βが3個以上あるなら、手札からステージに出たときに使用できる。相手の山札からVOLノイズを1枚置く。,MYU/VOLノイズ/魔力β参照
CA-10,【KAMITSUBAKI COLLECTION】NEFFY,Artist,黒,【登場時効果】魔力β+1【特殊能力】魔力βを1個消費して、Standby状態にする。その後、相手のステージの正面以外のArtistを1枚選び、正面のArtistの場所と入れ替える。,NEFFY/移動/魔力β消費
CA-11,【KAMITSUBAKI COLLECTION】RARA,Artist,黒,【特殊能力】Active状態で、魔力βが5個あるならこのカードの効果は常に発動する。正面のArtistはSongカードを使用できない。,RARA/使用妨害/魔力β参照
CA-12,【KAMITSUBAKI COLLECTION】VITTE,Artist,青,【特殊能力】魔力αが4個以上あるなら、手札からステージに出たときに使用できる。両隣のStandby状態のArtistをActive状態にする。ただし、Songカードを使用したArtistは対象外とする。,VITTE/Active化/魔力α参照
CA-13,【KAMITSUBAKI COLLECTION】御莉姫,Artist,赤,【登場時効果】魔力α+1【特殊能力】魔力αが3個以上あり、このカードがActive状態なら相手のArtistの特殊能力による山札をトラッシュする効果を受けない。,御莉姫/【登場】魔力α生成/耐性/魔力α参照
CA-14,【KAMITSUBAKI COLLECTION】佳鏡院,Artist,青,【登場時効果】魔力β+1【特殊能力】手札からステージに出たときに使用できる。魔力βを2個消費する。その後、正面のArtistをStandby状態にする。,佳鏡院/【登場】魔力β生成/Standby化/魔力β消費
CA-15,【KAMITSUBAKI COLLECTION】硝子宮,Artist,黒,【特殊能力】手札からステージに出たときに使用できる。魔力αを2個消費して、自分のVOLノイズを2枚まで山札の下に戻す。,硝子宮/ノイズ除去
CA-16,【KAMITSUBAKI COLLECTION】氷夏至,Artist,白,【特殊能力】自分のステージにこのカード以外のActive状態の白タイプのArtistがいるなら使用できる。手札を1枚トラッシュし、このカードをStandby状態にする。その後、魔力αを1個生成する。,氷夏至/【能力】魔力α生成/手札消費
CA-17,【KAMITSUBAKI COLLECTION】美古途,Artist,青,【特殊能力】魔力βが2個以上あるなら手札からステージに出たときに使用できる。相手の手札を見ずに、1枚選びトラッシュする。,美古途/ハンデス/魔力β参照
CA-18,【KAMITSUBAKI COLLECTION】夕凪機,Artist,黄,【登場時効果】魔力α+1【登場条件】魔力αが3個以上あるならステージに出すことができる。【特殊能力】手札からステージに出たときに使用できる。トラッシュから赤タイプもしくは黄タイプのArtistカードを合計3枚まで選び、相手に見せて山札に戻して、よくきる。,夕凪機/【登場】魔力α生成/サルベージ/色補助【赤】/色補助【黄】
DA-1,【間違いがあれば】花譜,Artist,赤,【登場時効果】魔力β+1【特殊能力】魔力αが3個以上あるなら手札からステージに出たときに使用できる。トラッシュから赤タイプのArtistカードを1枚選び、山札に戻してよくきる。,花譜/【登場】魔力β生成/サルベージ/色補助【赤】
DA-2,【ゲシュタルトって】花譜,Artist,赤,【特殊能力】このカードをStandby状態にする。その後、山札の一番上から1枚トラッシュする。そのカードがMagicカードなら魔力αを1個生成する。,花譜/【能力】魔力α生成/山札消費
DA-3,【正解があれば】可不,Artist,赤,【登場時効果】魔力α+1【特殊能力】魔力βが3個以上あるなら手札からステージに出たときに使用できる。トラッシュから赤タイプのArtistカードを1枚選び、山札に戻してよくきる。,可不/【登場】魔力α生成/サルベージ/魔力β参照/色補助【赤】
DA-4,【ご機嫌な心】明透,Artist,赤,【登場時効果】魔力α+1【特殊能力】このカードをStandby状態にする。その後、サイコロを振り、2以下なら自分の魔力βを1個生成する。3か4なら相手の魔力βを1個消失する。5以上なら自分の魔力βを1個生成し、相手の魔力βを1個消失する。,明透/【登場】魔力α生成/【能力】魔力β生成/魔力β消失/サイコロ
DA-5,【残響】MYU,Artist,赤,【登場時効果】魔力β+1【特殊能力】Active状態で、魔力βが4個以上あるならこのカードの効果は常に発動する。正面のArtistでSongカードを使用するとき、相手の魔力αを1個消失する。ただし、消失する魔力が無い場合、この効果は発動しない。,MYU/【登場】魔力β生成/魔力α消失/魔力β参照/残響
DA-6,【末永く、ずっと】御莉姫,Artist,赤,【登場時効果】魔力α+1【特殊能力】魔力βが4個以上あるなら、手札からステージに出たときに使用できる。相手の山札からVOLノイズを1枚置く。,御莉姫/【登場】魔力α生成/VOLノイズ/魔力β参照
DA-7,【ひそかな革命】御莉姫,Artist,赤,【特殊能力】手札からステージに出たときに使用できる。魔力Ωを1個消費する。その後、VOLを1点獲得する。,御莉姫/【能力】VOL獲得/魔力Ω消費
DA-8,【狂ってしまえ】花譜,Artist,赤,【登場時効果】魔力β+1【特殊能力】このカードをStandby状態にし、魔力βを1個消費する。その後、相手の山札の上から3枚を見て、1枚選びトラッシュする。残りのカードは好きな順に入れ替えて相手の山札の一番上に戻す。,花譜/【登場】魔力β生成/Lo/山上干渉/魔力β消費
DA-9,【愛しい鎖も】Albemuth(黑),Artist,赤,【登場時効果】VOL+1【登場条件】ステージのActive状態のartistカード「【ご機嫌な心】明透」をトラッシュすることで、「【ご機嫌な心】明透」がいたステージにActive状態で出すことができる。【特殊能力】魔力Ωが4個以上あるなら、手札からステージに出たときに使用できる。山札から好きなカードを1枚選び、手札に加える。その後、山札をよくきる。,Albemuth(黑)/進化/【登場】VOL獲得/Artistサーチ/Songサーチ/Magicサーチ/Directionサーチ/魔力Ω参照/Albemuth
DA-10,【愛しい鎖も】Albemuth(黑)[SR],Artist,赤,【登場時効果】VOL+1【登場条件】ステージのActive状態のartistカード「【ご機嫌な心】明透」をトラッシュすることで、「【ご機嫌な心】明透」がいたステージにActive状態で出すことができる。【特殊能力】魔力Ωが4個以上あるなら、手札からステージに出たときに使用できる。山札から好きなカードを1枚選び、手札に加える。その後、山札をよくきる。,Albemuth(黑)/進化/【登場】VOL獲得/Artistサーチ/Songサーチ/Magicサーチ/Directionサーチ/魔力Ω参照/Albemuth/SR
DA-11,【The Crack in Space】理芽,Artist,青,【特殊能力】魔力βが3個以上あるなら、手札からステージに出たときに使用できる。相手の山札からVOLノイズを1枚置く。,理芽/VOLノイズ/魔力β参照
DA-12,【こんなに楽なことはないな】理芽,Artist,青,【特殊能力】魔力Ωが1個以上あるなら、手札からステージに出たときに使用できる。Standby状態の青タイプのArtist「理芽」を1枚選び、Active状態にする。ただし、Songカードを使用したArtistは選択できない。,理芽/Active化/魔力Ω参照/色補助【青】
DA-13,【正しいだけじゃだめだ】裏命,Artist,青,【登場時効果】魔力α+1【特殊能力】名前に「デュエル」とつくMagicカードを使用するときに、このカードをStandby状態にすることで使用できる。サイコロの目を1増加する。,裏命/【登場】魔力α生成/出目干渉/デュエル
DA-14,【友達になれたのかな】CIEL,Artist,青,【登場時効果】魔力β+1【特殊能力】魔力αが2個以上あり、このカードがActive状態なら、このカードは相手のArtistカードの特殊能力の効果を受けない。,CIEL/【登場】魔力β生成/耐性/魔力α参照
DA-15,【残響】VITTE,Artist,青,【登場時効果】魔力α+1【特殊能力】魔力βが4個以上あるなら、手札からステージに出たときに使用できる。正面のArtistをStandby状態にする。,VITTE/【登場】魔力α生成/Standby化/魔力β参照/残響
DA-16,【いつかの後悔が叫んだ】 VALIS,Artist,青,【登場時効果】VOL+2【登場条件】ステージのカード名に「残響」がつくActive状態のartistカードを2枚トラッシュすることで、トラッシュされたカードがいた場のいずれかのステージにActive状態で出すことができる。【特殊能力】魔力Ωが1個以上あるなら使用できる。このカードをStandby状態にする。その後、自分の手札を2枚まで選び、好きな順に並び替えて山札の一番下に戻す。山札に戻した枚数分山札を引く。,VALIS/進化/【登場】VOL獲得/ドロー/魔力Ω参照/残響/VALIS
DA-17,【約束】Albemuth(皓),Artist,青,【登場時効果】魔力β+1【特殊能力】このカードがActive状態なら1ターンに何回でも使用できる。サイコロを振った直後に、魔力Ωを1個消費する。その後、サイコロを振り直す。,Albemuth(皓)/【登場】魔力β生成/出目干渉/魔力Ω消費/Albemuth
DA-18,【夢のような時間】佳鏡院,Artist,青,【登場時効果】魔力β+2【登場条件】魔力αが4個以上あるならステージに出すことができる。【特殊能力】このカードがActive状態なら、相手は1枚のSongカードで2個以上の魔力αを生成するとき、1個少なくなる。ただし、1個未満にはならない。,佳鏡院/【登場】魔力β生成/魔力α消失
DA-19,【未来への期待とたのしみ】美古途,Artist,青,【特殊能力】魔力αが3個以上あるなら、手札からステージに出たときに使用できる。自分の手札が4枚になるまで山札を引く。,美古途/ドロー/魔力α参照
DA-20,【いつかの後悔が叫んだ】 VALIS[SR],Artist,青,【登場時効果】VOL+2【登場条件】ステージのカード名に「残響」がつくActive状態のartistカードを2枚トラッシュすることで、トラッシュされたカードがいた場のいずれかのステージにActive状態で出すことができる。【特殊能力】魔力Ωが1個以上あるなら使用できる。このカードをStandby状態にする。その後、自分の手札を2枚まで選び、好きな順に並び替えて山札の一番下に戻す。山札に戻した枚数分山札を引く。,VALIS/進化/【登場】VOL獲得/ドロー/魔力Ω参照/残響/VALIS/SR
DA-21,【闇夜に融けるColor】春猿火,Artist,黄,【特殊能力】このカードをStandby状態にし、魔力αを1個消費する。その後、VOLノイズを1枚引く。,春猿火/ノイズ除去/魔力α消費
DA-22,【私をゆがめて】春猿火,Artist,黄,【特殊能力】魔力βが4個以上あるなら、手札からステージに出たときに使用できる。相手のステージのArtistが4枚になるまでトラッシュする。トラッシュするArtistは相手が選ぶ。,春猿火/破壊/魔力β参照
DA-23,【自由な楽園で】春猿火,Artist,黄,【登場時効果】魔力β+1【特殊能力】手札からステージに出たときに使用できる。山札の上から5枚を見て、その中から黄タイプのSongカードを1枚選び、相手に見せて手札に加える。残りのカードは山札に戻してよくきる。,春猿火/【登場】魔力β生成/Songサーチ
DA-24,【咲いた花が晴れやかに舞う】羽累,Artist,黄,【特殊能力】手札からステージに出たときに使用できる。VOLノイズを1枚引く。この効果により自分のVOLノイズがなくなった場合、魔力αを1個生成する。,羽累/ノイズ除去/【能力】魔力α生成
DA-25,【瓦利斯飯店】VALIS,Artist,黄,【登場時効果】魔力α+1【特殊能力】手札からステージに出たときに使用できる。魔力αを好きなだけ消費する。その後、トラッシュから魔力αを消費した数と同じ数のArtistカードを選び、山札に戻してよくきる。,VALIS/【登場】魔力α生成/サルベージ/魔力α消費
DA-26,【スタートライン】夕凪機,Artist,黄,【登場時効果】魔力α+1【特殊能力】手札からステージに出たときに使用できる。手札を1枚トラッシュすることで、Active状態で出すことができる。,夕凪機/【登場】魔力α生成/速攻/手札消費
DA-27,【君の傍にいれんなら】夕凪機,Artist,黄,【登場時効果】魔力β+1【特殊能力】手札からステージに出たときに使用できる。山札の上から5枚を見て、その中から黄タイプのArtistカードを1枚選び、相手に見せて手札に加える。残りのカードは山札に戻してよくきる。,夕凪機/Artistサーチ/色補助【黄】
DA-28,【感情的自論】V.W.P,Artist,黄,【特殊能力】このカードをStandby状態にし、手札を1枚トラッシュする。その後、サイコロを振り5以上なら相手の魔力Ωを1個消失する。4以下なら相手の魔力αを1個消失する。,V.W.P/魔力Ω消失/魔力α消失/手札消費/サイコロ
DA-29,【枯れるまで愛して】罪十罰,Artist,黄,【登場時効果】VOL+2【登場条件】ステージのActive状態のArtistカード「氷夏至」「美古途」「夕凪機」の内、異なる2枚のArtistをトラッシュすることで、トラッシュされたカードがいた場のいずれかのステージにActive状態で出すことができる。【特殊能力】Standby状態にする。その後、サイコロを振り、奇数ならトラッシュから登場条件がないArtistを1枚選び、Standby状態でステージに出す。ただし、ステージが空いていない時、この特殊能力は使用できない。,罪十罰/進化/【登場】VOL獲得/召喚/サイコロ
DA-30,【枯れるまで愛して】罪十罰[SR],Artist,黄,【登場時効果】VOL+2【登場条件】ステージのActive状態のArtistカード「氷夏至」「美古途」「夕凪機」の内、異なる2枚のArtistをトラッシュすることで、トラッシュされたカードがいた場のいずれかのステージにActive状態で出すことができる。【特殊能力】Standby状態にする。その後、サイコロを振り、奇数ならトラッシュから登場条件がないArtistを1枚選び、Standby状態でステージに出す。ただし、ステージが空いていない時、この特殊能力は使用できない。,罪十罰/進化/【登場】VOL獲得/召喚/サイコロ/SR
DA-31,【まっさらな選択肢を】ヰ世界情緒,Artist,白,【登場時効果】魔力α+1【特殊能力】このカードをStandby状態にする。その後、手札から1枚選び山札の一番上のカードと入れ替える。,ヰ世界情緒/【登場】魔力β生成/山上干渉
DA-32,【憐れみ憂う】ヰ世界情緒,Artist,白,【登場時効果】魔力β+1【特殊能力】魔力αが3個以上あるなら、手札からステージに出たときに使用できる。相手の魔力βを1個消失する。,ヰ世界情緒/【登場】魔力β生成/魔力β消失/魔力α参照
DA-33,【そしてみんなが喜ぶ】星界,Artist,白,【登場時効果】魔力β+1【特殊能力】手札からステージに出すとき、ステージに白タイプの「ヰ世界情緒」がいるなら、Active状態で出す事ができる。,星界/【登場】魔力β生成/速攻
DA-34,【残響】CHINO,Artist,白,【登場時効果】魔力β+1【特殊能力】このカードがActive状態なら使用できる。自分の魔力αと魔力βを1個ずつ消費する。その後、相手の魔力Ωを1個消失し、自分のターンを終了する。,CHINO/【登場】魔力β生成/魔力Ω消失/魔力α消費/魔力β消費/残響
DA-35,【ひたすらに踊れ】VALIS,Artist,白,【特殊能力】手札からステージに出たときに使用できる。VOLノイズを1枚山札の下に戻す。,VALIS/ノイズ除去
DA-36,【fever time】氷夏至,Artist,白,【登場条件】魔力αが3個以上あるならステージに出すことができる。【特殊能力】手札からステージに出たときに使用できる。魔力αを1個消費して、サイコロを振り4以上なら、VOLを1点獲得する。,氷夏至/【能力】VOL獲得/魔力α消費
DA-37,【修羅の道も厭わない】氷夏至,Artist,白,【特殊能力】手札からステージに出たときに魔力Ωが1個以上あるなら使用できる。自分のVOLノイズを2枚山札の一番上に戻す。,氷夏至/ノイズ除去/魔力Ω参照
DA-38,【明日へと駆け出すのさ】ヰ世界情緒,Artist,白,【特殊能力】相手よりも魔力βが多く、このカードがActive状態なら、相手はALLタイプのSongカードのセンター効果が発動しない。,ヰ世界情緒/使用妨害/魔力β参照
DA-39,【描く未来へ歩く】V.W.P,Artist,白,【登場時効果】VOL+2【登場条件】ステージのActive状態のArtistカード「春猿火」とArtistカード「ヰ世界情緒」をトラッシュすることで、トラッシュされたカードがいた場のいずれかのステージにActive状態で出すことができる。【特殊能力】手札からステージに出たときに使用できる。山札の上から3枚を見て、好きな順に入れ替えて山札の一番上に戻す。,V.W.P/進化/【登場】VOL獲得/山上干渉
DA-40,【描く未来へ歩く】V.W.P[SR],Artist,白,【登場時効果】VOL+2【登場条件】ステージのActive状態のArtistカード「春猿火」とArtistカード「ヰ世界情緒」をトラッシュすることで、トラッシュされたカードがいた場のいずれかのステージにActive状態で出すことができる。【特殊能力】手札からステージに出たときに使用できる。山札の上から3枚を見て、好きな順に入れ替えて山札の一番上に戻す。,V.W.P/進化/【登場】VOL獲得/山上干渉/SR
DA-41,【夢を描いていたかったんだ】幸祜,Artist,黒,【特殊能力】魔力αが2個以上あるなら使用できる。Standby状態にして、手札を1枚トラッシュする。その後、山札から2枚引く。,幸祜/ドロー/魔力α参照/手札消費
DA-42,【鎖を溶かした】幸祜,Artist,黒,【登場時効果】魔力β+1【特殊能力】魔力βが3個以上あるなら使用できる。このカードをStandby状態にする。その後、相手のステージのArtistを2枚選び、場所を入れ替える。,幸祜/【登場】魔力β生成/移動/魔力β参照
DA-43,【愛してくれないか？】狐子,Artist,黒,【特殊能力】魔力Ωを1個消費し、Standby状態にする。その後、トラッシュからSongカードを1枚選び手札に加える。,狐子/サルベージ/魔力Ω消費
DA-44,【答えなんていらないような】狐子,Artist,黒,【登場時効果】魔力α+1【特殊能力】魔力Ωを1個消費し、Standby状態にする。その後、お互いの手札を山札に戻してよくきり、それぞれの勝利までのVOLの点数分山札を引く。ただし、最大5枚までとする。,狐子/【登場】魔力α生成/ドロー/魔力Ω消費
DA-45,【残響】NEFFY,Artist,黒,【登場時効果】魔力α+1【特殊能力】後攻1ターン目なら、Active状態でステージに出すことができる。,NEFFY/【登場】魔力α生成/速攻/残響
DA-46,【残響】RARA,Artist,黒,【登場時効果】魔力β+1【特殊能力】魔力αを1個消費し、Standby状態にする。その後、手札から2枚選び、山札の上から2枚と入れ替える。,RARA/【登場】魔力β生成/山上干渉/魔力α消費/残響
DA-47,【私の情熱】硝子宮,Artist,黒,【特殊能力】Standby状態にする。その後、トラッシュの装備タイプのMagicカードの数分山札を引く。ただし、最大7枚までとする。,硝子宮/ドロー
DA-48,【今打ち鳴らせ】幸祜,Artist,黒,【登場時効果】VOL+1【登場条件】ステージのActive状態のArtistカード「【鎖を溶かした】幸祜」をトラッシュすることで、「【鎖を溶かした】幸祜」がいたステージにActive状態で出すことができる。【特殊能力】魔力βを2個消費して、Standby状態にする。その後、正面のArtistをStandby状態にする。,幸祜/進化/【登場】VOL獲得/Standby化/魔力β消費
DA-49,【妄想絡めたメロディ】心世紀,Artist,黒,【登場時効果】VOL+2【登場条件】ステージのActive状態のArtistカード「御莉姫」「佳鏡院」「硝子宮」の内、異なる2枚のArtistをトラッシュすることで、トラッシュされたカードがいた場のいずれかのステージにActive状態で出すことができる。【特殊能力】相手よりも獲得しているVOLが少ないなら、手札からステージに出たときに使用できる。Standby状態にし、魔力αを1個消費する。その後、VOLを1点獲得する。,心世紀/進化/【登場】VOL獲得/【能力】VOL獲得/魔力α消費
DA-50,【妄想絡めたメロディ】心世紀[SR],Artist,黒,【登場時効果】VOL+2【登場条件】ステージのActive状態のArtistカード「御莉姫」「佳鏡院」「硝子宮」の内、異なる2枚のArtistをトラッシュすることで、トラッシュされたカードがいた場のいずれかのステージにActive状態で出すことができる。【特殊能力】相手よりも獲得しているVOLが少ないなら、手札からステージに出たときに使用できる。Standby状態にし、魔力αを1個消費する。その後、VOLを1点獲得する。,心世紀/進化/【登場】VOL獲得/【能力】VOL獲得/魔力α消費/SR
EA-1,【「ほら！」】カフ,Artist,赤,【登場時効果】魔力β+1【特殊能力】手札からステージに出たとき1回使用できる。山札の上から5枚を見て、その中から装備タイプのMagicを1枚選び、相手に見せて手札に加える。残りのカードは山札に戻してよくきる。,カフ/【登場】魔力β生成/Magicサーチ
EA-2,【「未来を変えることだけ」】カフ,Artist,赤,【登場時効果】魔力α+1【特殊能力】手札からステージに出たときに使用できる。自分か相手の山札を選び、その山札の上から3枚を見て、好きな順に入れ替えて選択した山札の一番上に戻す。,カフ/【登場】魔力α生成/山上干渉
EA-3,【「私が守る番だ」】カフ,Artist,赤,【登場時効果】魔力β+1【特殊能力】このカードでMagic「リリカルウィーブ」の効果を使用した後、このカードをActive状態にする。,カフ/【登場】魔力β生成/Active化
EA-4,【「・・・青」】リメ,Artist,青,【特殊能力】魔力αが3個以上あり、このカードがActive状態なら発動する。自分が即時タイプのMagicカードを使用するために消費する魔力βの数が1個少なくなる。,リメ/コスト軽減/魔力α参照
EA-5,【「そんなに強くもないのにね」】リメ,Artist,青,【登場時効果】魔力α+1【特殊能力】このカードをStandby状態にする。その後、ステージのStandby状態の青タイプのArtistを選択し、Active状態にする。ただし、Songカードを使用したArtistは選択できない。,リメ/【登場】魔力α生成/Active化/色補助【青】
EA-6,【「一緒に背負いたい」】リメ,Artist,青,【特殊能力】このカードがMagic「リメの似顔絵」の効果で手札に加えられたとき、手札からStandby状態でステージに出しても良い。このターンに手札から他のArtistを出していてもこの特殊能力は使用できる。,リメ/召喚
EA-7,【「配給車いっちゃう？」】ハル,Artist,黄,【特殊能力】手札を4枚トラッシュして、このカードをStandby状態にする。その後、相手の魔力Ωを1個消失する。自分のステージにArtist「リメ」とArtist「ココ」の両方がいるなら、トラッシュする枚数は2枚になる。,ハル/魔力Ω消失/手札消費
EA-8,【「やるじゃん」】ハル,Artist,黄,【登場時効果】魔力β+1【特殊能力】魔力βが4個以上あるなら使用できる。このカードをStandby状態にする。その後、サイコロを振り、3以下なら1枚、4以上なら2枚相手の山札をトラッシュする。,ハル/【登場】魔力β生成/Lo/サイコロ
EA-9,【「私達に必要なのは」】ハル,Artist,黄,【登場時効果】魔力α+1【特殊能力】魔力Ωが4個以上あるなら使用できる。このカードをStandby状態にする。その後、サイコロを振り、5以上なら正面のArtistをトラッシュする。,ハル/【登場】魔力α生成/破壊/魔力Ω参照
EA-10,【「長かった」】セカイ,Artist,白,【登場時効果】魔力Ω+1【登場条件】いずれかの魔力が5個あるならステージに出すことができる。【特殊能力】手札からステージに出たときに使用できる。山札の上から5枚を見て、好きな順に入れ替えて山札の一番上に戻す。,セカイ/【登場】魔力Ω生成/山上干渉
EA-11,【「気分はどう？」】セカイ,Artist,白,【登場時効果】魔力β+1【特殊能力】このカードをStandby状態にする。その後、サイコロを振り出た目の数だけ、山札の上から確認し、即時タイプのMagicを1枚選び相手に見せて手札に加える。残りのカードは山札に戻してよくきる。,セカイ/【登場】魔力β生成/Magicサーチ/サイコロ
EA-12,【「真実はそこにあるんだから」】セカイ,Artist,白,【登場時効果】魔力α+1【特殊能力】魔力αを1個消費し、このカードをStandby状態にする。山札を1枚引く。,セカイ/【登場】魔力α生成/ドロー
EA-13,【「もうひとり欲しいかな」】ココ,Artist,黒,【登場条件】自分のステージに1枚だけArtistがいるならステージに出すことができる。【特殊能力】手札からステージに出たときに使用できる。手札を2枚トラッシュする。その後、山札の上から3枚を見て、Artistカードを1枚選び、Standby状態でステージに出す。残りのカードは山札に戻してよくきる。,ココ/召喚/手札消費
EA-14,【「明日を生きるためよ」】ココ,Artist,黒,【登場時効果】魔力α+1【特殊能力】手札からSongカードを1枚トラッシュし、このカードをStandby状態にする。山札から2枚引く。,ココ/【登場】魔力α生成/ドロー
EA-15,【「少し喋りすぎね」】ココ,Artist,黒,【特殊能力】この効果は魔力βが5個あるなら常に発動する。正面のArtistはSongカードを使用できない。,ココ/使用妨害/魔力β参照
FA-1,【雷鳥】花譜,Artist,赤,【登場時効果】VOL+1【登場条件】ステージのActive状態の2枚のArtistカード「花譜」をトラッシュすることで、トラッシュされた花譜がいた場のいずれかのステージにActive状態で出すことができる。【特殊能力】手札からステージに出たときに使用できる。このカードをStandby状態にする。その後、山札からSongカードを1枚選び、相手に見せて手札に加える。そして、山札をよくきる。,花譜/進化/【登場】VOL獲得/Songサーチ
FA-2,【RAY】明透,Artist,赤,【登場時効果】VOL+1【登場条件】ステージのActive状態の2枚のArtistカード「明透」をトラッシュすることで、トラッシュされた花譜がいた場のいずれかのステージにActive状態で出すことができる。【特殊能力】このカードをStandby状態にし、魔力Ωを好きなだけ消費する。その後、魔力Ωを消費した数と同じ数のVOLを獲得する。,明透/進化/【登場】VOL獲得/【能力】VOL獲得/魔力Ω消費
FA-3,【Dr.Futurity】理芽,Artist,青,【登場時効果】VOL+1【登場条件】ステージのActive状態の2枚のArtistカード「理芽」をトラッシュすることで、トラッシュされた理芽がいた場のいずれかのステージにActive状態で出すことができる。【特殊能力】このカードをStandby状態にし、魔力Ωを1個消費する。その後、お互いの手札を山札に戻してよくきり、相手は2枚、自分は4枚山札を引く。,理芽/進化/【登場】VOL獲得/魔力Ω消費/ドロー
FA-4,【Ulysses -ユリシス-】CIEL,Artist,青,【登場時効果】VOL+1【登場条件】ステージのActive状態の2枚のArtistカード「CIEL」をトラッシュすることで、トラッシュされたCIELがいた場のいずれかのステージにActive状態で出すことができる。【特殊能力】このカードをStandby状態にし、魔力Ωを好きなだけ消費する。その後、魔力Ωを消費した数と同じ数のVOLを獲得する。,CIEL/進化/【登場】VOL獲得/【能力】VOL獲得/魔力Ω消費
FA-5,【僕は目を瞑る】花譜,Artist,赤,【特殊能力】このカードをStandby状態にする。その後、サイコロを振り、4以上なら魔力βを1個生成する。,花譜/【能力】魔力β生成/サイコロ
FA-6,【変えるために足掻きたい】花譜,Artist,赤,【登場時効果】魔力β+1【特殊能力】魔力βが4個以上あり、このカードがActive状態なら使用できる。相手の山札を2枚トラッシュし、ターンを終了する。,花譜/【登場】魔力β生成/Lo/魔力β参照
FA-7,【人が恋しくって】花譜,Artist,赤,【特殊能力】手札からステージに出たときに使用できる。正面のArtistをStandby状態にする。,花譜/Standby化
FA-8,【天国なんて行きたくはない】明透,Artist,赤,【登場時効果】魔力β+1【特殊能力】このカードがActive状態なら使用できる。魔力βを2個消費する。その後、手札から1枚選び山札の一番上のカードと入れ替える。この特殊能力は自分のターンに何回でも使用できる。,明透/【登場】魔力β生成/魔力β消費/山上干渉
FA-9,【照らす横顔】明透,Artist,赤,【登場時効果】魔力α+1【特殊能力】魔力Ωを1個消費し、このカードをStandby状態にする。その後、相手の場のDirectionを1枚選びトラッシュする。,明透/【登場】魔力α生成/魔力Ω消費/破壊
FA-10,【明日は】明透,Artist,赤,【登場時効果】魔力β+1【特殊能力】魔力βを2個消費し、このカードをStandby状態にする。その後、相手の手札を見て、1枚選び、相手の山札の一番上に戻す。,明透/【登場】魔力β生成/魔力β消費/手札干渉
FA-11,【どうでもいいことばっか】理芽,Artist,青,【登場時効果】魔力α+1【特殊能力】手札のSongカードを1枚トラッシュし、このカードをStandby状態にする。その後、魔力βを1個生成する。,理芽/【登場】魔力α生成/【能力】魔力β生成/手札消費
FA-12,【きみが天使なら】理芽,Artist,青,【特殊能力】すべての魔力がないなら使用できる。このカードをStandby状態にする。その後、山札を1枚引く。,理芽/ドロー
FA-13,【完全な空は】理芽,Artist,青,【特殊能力】魔力βが2個以上あるなら使用できる。このカードをStandby状態にする。その後、相手の手札を見ずに1枚選びトラッシュする。,理芽/ハンデス/魔力β参照
FA-14,【かじかむ言葉】CIEL,Artist,青,【登場時効果】魔力α+1【特殊能力】手札からステージに出たときに使用できる。手札を1枚トラッシュする。その後、相手の魔力αを1個消失する。,CIEL/【登場】魔力α生成/魔力α消失/手札消費
FA-15,【何もかも感じたように】CIEL,Artist,青,【登場時効果】魔力β+1【特殊能力】この効果は魔力αが3個以上あるなら常に発動する。自分がMagicカードを使用する際に消費する魔力βが1個少なくなる。,CIEL/【登場】魔力β生成/コスト軽減/魔力α参照
FA-16,【執着に花束を】CIEL,Artist,青,【登場時効果】魔力α+1【特殊能力】魔力αが2個以上あるなら使用できる。このカードをStandby状態にする。その後、山札の上から2枚を見て、その中の1枚を選び、手札に加える。残りのカードはトラッシュする。,CIEL/【登場】魔力α生成/ドロー/山札消費/魔力α参照
GA-1,【「歌詞が出来上がったよ！」】化歩,Artist,赤,【リンクタグ】「神椿市」【特殊能力】手札からステージに出たときに使用できる。山札から赤タイプのSongカードを1枚選び、手札に加える。そして、山札をきる。,化歩/Songサーチ/「神椿市」
GA-2,【「わたしの願いは……」】化歩,Artist,赤,【登場時効果】VOL+1【リンクタグ】「神椿市」【登場条件】ステージのActive状態のArtistカード「【「歌詞が出来上がったよ！」】化歩」をトラッシュすることで、「【「歌詞が出来上がったよ！」】化歩」がいたステージにActive状態で出すことができる。【特殊能力】手札からステージに出たときに使用できる。このカードをStandby状態にする。その後、ステージの赤タイプのStandby状態のArtistを2枚まで選び、Active状態にする。ただし、Songカードを使用したArtistカードは選択できない。,化歩/進化/【登場】VOL獲得/Active化/「神椿市」
GA-3,【教徒】阿栖&亜留,Artist,赤,【リンクタグ】「神椿市」【登場条件】手札からステージに出すことはできない。【特殊能力】ステージにArtist「世界」がいるなら使用できる。このカードをStandby状態にする。その後、サイコロを振り、3以下なら魔力βを1個、4以上なら魔力βを2個生成する。,阿栖&亜留/【能力】魔力β生成/サイコロ/「神椿市」
GA-4,【世界平和なんて】花譜,Artist,赤,【登場時効果】魔力α+1【特殊能力】手札からステージに出たときに使用できる。手札を2枚トラッシュする。その後、魔力βを1個生成する。,花譜/【登場】魔力α生成/【能力】魔力β生成/手札消費
GA-5,【コンツェルト】MYU,Artist,赤,【登場時効果】魔力β+1【登場条件】魔力βが2個以上あるならステージに出すことができる。【特殊能力】魔力βを1個消費し、このカードをStandby状態にする。その後、サイコロを振り、3以下なら山札を1枚引き、4以上なら相手の山札を2枚トラッシュする。,MYU/【登場】魔力β生成/ドロー/Lo/サイコロ
GA-6,【ブルーナイト】明透,Artist,赤,【登場時効果】魔力α+1【特殊能力】魔力Ωが2個以上あるなら使用できる。このカードをStandby状態にする。その後、サイコロを振り、3以上なら相手のDirectionを1枚選びトラッシュする。,明透/【登場】魔力α生成/破壊/魔力Ω参照/サイコロ
GA-7,【回帰】御莉姫,Artist,赤,【登場時効果】魔力β+1【特殊能力】このカードが手札からトラッシュされたときに、魔力αを1個消費してもよい。魔力αを消費した場合、このカードをトラッシュからステージにStandby状態で出す。その後、山札を1枚引く。ただし、この特殊能力はステージが空いていないなら使用できない。,御莉姫/【登場】魔力β生成/召喚/ドロー/魔力α消費
GA-8,【零番街の少女】化歩,Artist,赤,【リンクタグ】「神椿市」【特殊能力】自分のターンに1回使用できる。このカードで「神椿市」のSongカードを使用した後、魔力αを1個生成する。,化歩/【能力】魔力α生成/「神椿市」
GA-9,【君に捧ぐよ】V.W.P,Artist,赤,【登場時効果】VOL+1【登場条件】相手のステージにArtistカード「花譜」「理芽」「春猿火」「ヰ世界情緒」「幸祜」の内、異なる2枚がいるならステージにActive状態で出すことができる。【特殊能力】手札からステージに出たときに使用できる。トラッシュの登場条件がないArtistを1枚選びステージにStandby状態で出す。ただし、この特殊能力はステージが空いていないなら使用できない。,V.W.P/【登場】VOL獲得/召喚
GA-10,【零番街の少女】化歩[SR],Artist,赤,【リンクタグ】「神椿市」【特殊能力】自分のターンに1回使用できる。このカードで「神椿市」のSongカードを使用した後、魔力αを1個生成する。,化歩/【能力】魔力α生成/「神椿市」/SR
GA-11,【おもいで】狸眼,Artist,青,【リンクタグ】「神椿市」【特殊能力】自分のターンに1回使用できる。このカードで「神椿市」のSongカードを使用した後、自分のステージのStandby状態の「神椿市」のArtistを1枚選び、Active状態にする。ただし、Songカードを使用したArtistカードは選択できない。,狸眼/Active化/「神椿市」
GA-12,【「世界を救ってみてくれよ」】狸眼,Artist,青,【登場時効果】VOL+1【リンクタグ】「神椿市」【登場条件】ステージのActive状態のArtistカード「【おもいで】狸眼」をトラッシュすることで、「【おもいで】狸眼」がいたステージにActive状態で出すことができる。【特殊能力】手札からステージに出たときに使用できる。このカードをStandby状態にする。その後、サイコロを振り、2以下なら1個、3以上なら2個、相手の魔力αを消失する。,狸眼/進化/【登場】VOL獲得/魔力α消失/「神椿市」
GA-13,【復興課特捜室】詩得,Artist,青,【リンクタグ】「神椿市」【特殊能力】このカードをStandby状態にする。その後、トラッシュからSongカードを1枚選び、相手に見せて手札に加える。,詩得/サルベージ/「神椿市」
GA-14,【無敵さ】理芽,Artist,青,【登場時効果】魔力β+1【特殊能力】魔力βが3個以上あり、このカードがActive状態なら相手のSongカードによる山札をトラッシュする効果を受けない。,理芽/【登場】魔力β生成/耐性/魔力β参照
GA-15,【コンツェルト】VITTE,Artist,青,【登場時効果】魔力β+1【特殊能力】魔力βが3個以上あるなら使用できる。このカードをStandby状態にする。その後、サイコロを振り、4以上なら相手の場のDirectionを1枚選び、VOLノイズとして置く。相手はVOLノイズをよくきる。,VITTE/【登場】魔力β生成/VOLノイズ/サイコロ
GA-16,【回帰】佳鏡院,Artist,青,【登場時効果】魔力α+1【特殊能力】このカードが手札からトラッシュされたときに、魔力βを1個消費してもよい。魔力βを消費した場合、このカードをトラッシュからステージにStandby状態で出す。その後、相手の山札を1枚トラッシュする。ただし、この特殊能力はステージが空いていないなら使用できない。,佳鏡院/【登場】魔力α生成/Lo/召喚/魔力β消費
GA-17,【回帰】美古途,Artist,青,【登場時効果】魔力β+1【特殊能力】このカードが山札からトラッシュされたときに、手札を1枚トラッシュすることができる。トラッシュした場合、このカードをトラッシュからステージにActive状態で出す。その後、相手の手札を見ずに1枚トラッシュする。ただし、この特殊能力はステージが空いていないなら使用できない。,美古途/【登場】魔力β生成/ハンデス/召喚/手札消費
GA-18,【壱番街の少女】狸眼,Artist,青,【登場時効果】魔力β+1【リンクタグ】「神椿市」【特殊能力】自分のターンに1回使用できる。このカードで「神椿市」のSongカードを使用した後、サイコロを振り、4以上なら山札を1枚引く。,狸眼/【登場】魔力β生成/ドロー/サイコロ/「神椿市」
GA-19,【青い髪は空の色】CIEL,Artist,青,【登場時効果】魔力α+1【特殊能力】このカードをStandby状態にし、手札を2枚トラッシュする。その後、相手の魔力αを1個消失する。,CIEL/【登場】魔力α生成/魔力α消失/手札消費
GA-20,【壱番街の少女】狸眼[SR],Artist,青,【登場時効果】魔力β+1【リンクタグ】「神椿市」【特殊能力】自分のターンに1回使用できる。このカードで「神椿市」のSongカードを使用した後、サイコロを振り、4以上なら山札を1枚引く。,狸眼/【登場】魔力β生成/ドロー/サイコロ/「神椿市」
GA-21,【「どうして強くなりたいの？」】派流,Artist,黄,【リンクタグ】「神椿市」【登場条件】手札からステージに出すことはできない。【特殊能力】このカードがトラッシュにあるなら、自分の山札を2枚トラッシュすることで、トラッシュからStandby状態でステージに出す。ただし、ステージに空きがないならステージに出すことができない。,派流/山札消費/召喚/「神椿市」
GA-22,【「私は、歌う！」】派流,Artist,黄,【登場時効果】VOL+1【リンクタグ】「神椿市」【登場条件】ステージのActive状態のArtistカード「【「どうして強くなりたいの？」】派流」をトラッシュすることで、「【「どうして強くなりたいの？」】派流」がいたステージにActive状態で出すことができる。【特殊能力】このカードがActive状態なら使用できる。トラッシュから黄タイプのArtistがステージに出たとき魔力βを1個生成する。,派流/進化/【登場】VOL獲得/【能力】魔力β生成/色補助【黄】/「神椿市」
GA-23,【「――では、始めようか。」】瓦利斯,Artist,黄,【リンクタグ】「神椿市」【特殊能力】このカードがステージからトラッシュされるとき、魔力αと魔力βをそれぞれ1個生成する。,瓦利斯/【能力】魔力α生成/【能力】魔力β生成/「神椿市」
GA-24,【META is here.】春猿火,Artist,黄,【登場時効果】魔力β+1【特殊能力】魔力βが2個以上あり、このカードがActive状態なら、相手は魔力αを消費するMagicカードを使用するための魔力αの数は1個多くなる。,春猿火/【登場】魔力β生成/コスト増加/魔力β参照
GA-25,【静かに流れる時間は永い】春猿火,Artist,黄,【登場時効果】魔力α+1【特殊能力】魔力βが2個以上あるなら使用できる。このカードをStandby状態にする。その後、サイコロを振り、4以上なら相手の山札からVOLノイズを1枚置く。,春猿火/【登場】魔力α生成/VOLノイズ/魔力β参照/サイコロ
GA-26,【回帰】夕凪機,Artist,黄,【登場時効果】魔力β+1【特殊能力】このカードが山札からトラッシュされたときに、手札を1枚トラッシュすることができる。トラッシュした場合、このカードをトラッシュからステージにActive状態で出す。その後、魔力αを1個生成する。ただし、この特殊能力はステージが空いていないなら使用できない。,夕凪機/【登場】魔力β生成/【能力】魔力α生成/召喚/手札消費
GA-27,【廻る廻る地球の上で】V.I.P,Artist,黄,【特殊能力】魔力αが2個以上あるなら使用できる。このカードをStandby状態にする。その後、トラッシュからArtistカードを1枚選び、相手に見せて山札の一番上に戻す。,V.I.P/サルベージ/魔力α参照
GA-28,【弐番街の少女】派流,Artist,黄,【リンクタグ】「神椿市」【特殊能力】トラッシュからステージに出たとき、魔力βが3個以上あるなら使用できる。ステージのSongカードがついているArtistの数だけVOLを獲得する。,派流/【能力】VOL獲得/魔力β参照/「神椿市」
GA-29,【The Five Prima Donna’s】VALIS,Artist,黄,【登場時効果】VOL+2【登場条件】ステージのカード名に「コンツェルト」がつくActive状態のArtistカードを2枚トラッシュすることで、トラッシュされたカードがいた場のいずれかのステージにActive状態で出すことができる。【特殊能力】魔力Ωが2個のみならば使用できる。このカードをStandby状態にする。その後、サイコロを2回振り、偶数が出た回数分、トラッシュから好きなカードを選び好きな順に並び替えて山札の上に戻す。,VALIS/進化/【登場】VOL獲得/サルベージ/魔力Ω参照/サイコロ
GA-30,【弐番街の少女】派流[SR],Artist,黄,【リンクタグ】「神椿市」【特殊能力】トラッシュからステージに出たとき、魔力βが3個以上あるなら使用できる。ステージのSongカードがついているArtistの数だけVOLを獲得する。,派流/【能力】VOL獲得/魔力β参照/「神椿市」/SR
GA-31,【「……美味しい……！」】世界,Artist,白,【リンクタグ】「神椿市」【特殊能力】このカードがトラッシュからステージに出たときに使用できる。山札を1枚引く。,世界/ドロー/「神椿市」
GA-32,【「未来を掴むために！」】世界,Artist,白,【登場時効果】VOL+1【リンクタグ】「神椿市」【登場条件】ステージのActive状態のArtistカード「【「……美味しい……！」】世界」をトラッシュすることで、「【「……美味しい……！」】世界」がいたステージにActive状態で出すことができる。【特殊能力】手札からステージに出たときに使用できる。このカードをStandby状態にする。その後、山札の上から4枚を見て、1枚を手札に加える。残りのカードは好きな順に入れ替えて山札の一番上に戻す。,世界/進化/【登場】VOL獲得/ドロー/山上干渉/「神椿市」
GA-33,【きっと世界変わる】ヰ世界情緒,Artist,白,【登場時効果】魔力α+1【特殊能力】手札からステージに出たときに魔力αが3個以上あるなら使用できる。このカードの両隣のArtistをActive状態にする。ただし、Songカードを使用したArtistカードは対象にできない。,ヰ世界情緒/【登場】魔力α生成/Active化
GA-34,【明かりになったあなたへ】ヰ世界情緒,Artist,白,【登場時効果】魔力β+1【登場条件】自分の最初のターンなら、手札からステージに出すことはできない。【特殊能力】手札からステージに出たときに使用できる。サイコロを振り、5以上なら次の相手のターンで相手は手札からArtistをステージに出すことができない。,ヰ世界情緒/【登場】魔力β生成/使用妨害
GA-35,【スターゲイザー】星界,Artist,白,【登場時効果】魔力β+1【特殊能力】魔力αが3個以上あり、このカードがActive状態なら、このカードは相手のSongカードの効果を受けない。,星界/【登場】魔力β生成/耐性/魔力α参照
GA-36,【コンツェルト】CHINO,Artist,白,【登場時効果】魔力α+1【特殊能力】手札からステージに出たときに使用できる。サイコロを振り、4以上なら相手のステージのArtistについているSongカードを1枚選びトラッシュする。,CHINO/【登場】魔力α生成/破壊/サイコロ
GA-37,【回帰】氷夏至,Artist,白,【登場時効果】魔力α+1【特殊能力】このカードが山札からトラッシュされたときに、手札を1枚トラッシュすることができる。トラッシュした場合、このカードをトラッシュからステージにActive状態で出す。その後、魔力βを1個生成する。ただし、この特殊能力はステージが空いていないなら使用できない。,氷夏至/【登場】魔力α生成/【能力】魔力β生成/召喚/手札消費
GA-38,【参番街の少女】世界,Artist,白,【登場時効果】魔力β+1【リンクタグ】「神椿市」【特殊能力】自分のターンに1回使用できる。このカードで「神椿市」のSongカードを使用した後、魔力βを1個生成する。,世界/【登場】魔力β生成/【能力】魔力β生成/「神椿市」
GA-39,【変わりめく世界】罪十罰,Artist,白,【登場時効果】VOL+1【登場条件】ステージのActive状態のArtistカード「氷夏至」「美古途」「夕凪機」のいずれかをトラッシュすることで、トラッシュされたArtistがいたステージにActive状態で出すことができる。【特殊能力】このカードをStandby状態にする。その後、山札の一番下から1枚引く。,罪十罰/進化/【登場】VOL獲得/ドロー
GA-40,【参番街の少女】世界[SR],Artist,白,【登場時効果】魔力β+1【リンクタグ】「神椿市」【特殊能力】自分のターンに1回使用できる。このカードで「神椿市」のSongカードを使用した後、魔力βを1個生成する。,世界/【登場】魔力β生成/【能力】魔力β生成/「神椿市」/SR
GA-41,【漆黒の服を纏った少女】此処,Artist,黒,【リンクタグ】「神椿市」【特殊能力】Active状態で、魔力βが5個あるならこのカードの効果は常に発動する。正面のArtistはSongカードを使用できない。,此処/使用妨害/魔力β参照/「神椿市」
GA-42,【「今度こそ、皆を護る……！」】此処,Artist,黒,【登場時効果】VOL+1【リンクタグ】「神椿市」【登場条件】ステージのActive状態のArtistカード「【漆黒の服を纏った少女】此処」をトラッシュすることで、「【漆黒の服を纏った少女】此処」がいたステージにActive状態で出すことができる。【特殊能力】魔力βを1個消費し、このカードをStandby状態にする。次の相手のターンで相手はDirectionを場に出すことができない。,此処/進化/【登場】VOL獲得/使用妨害/魔力β消費/「神椿市」
GA-43,【燃えていたいと叫んだの】幸祜,Artist,黒,【登場時効果】魔力α+1【特殊能力】魔力αが3個以上あるなら使用できる。このカードをStandby状態にする。その後、自分のステージのArtistを2枚選び、場所を入れ替える。,幸祜/【登場】魔力α生成/移動/魔力α参照
GA-44,【信じる心に救いを】幸祜,Artist,黒,【登場時効果】魔力α+1【特殊能力】サイコロを振った直後に、このカードをStandby状態にして、魔力αを1個消費することで使用できる。サイコロを振り直すことができる。,幸祜/【登場】魔力α生成/出目干渉/魔力α消費
GA-45,【コンツェルト】NEFFY,Artist,黒,【特殊能力】Active状態で、魔力βが5個あるならこのカードの効果は常に発動する。自分のステージのArtistは相手のSongカードの効果でStandby状態にならない。,NEFFY/耐性/魔力β参照
GA-46,【コンツェルト】RARA,Artist,黒,【登場時効果】魔力β+1【登場条件】魔力αが2個以上あるならステージに出すことができる。【特殊能力】このカードがActive状態なら使用できる。魔力αを1個消費する。その後、サイコロを振り、4以上なら山札を2枚引く。,RARA/【登場】魔力β生成/ドロー/サイコロ/魔力α消費
GA-47,【回帰】硝子宮,Artist,黒,【登場時効果】魔力α+1【特殊能力】このカードがに手札からトラッシュされたときに、魔力αを1個消費してもよい。魔力αを消費した場合、このカードをトラッシュからステージにStandby状態で出す。その後、VOLノイズを1枚引く。ただし、この特殊能力はステージが空いていないなら使用できない。,硝子宮/【登場】魔力α生成/召喚/魔力α消費/ノイズ除去
GA-48,【肆番外の少女】此処,Artist,黒,【登場時効果】魔力α+1【リンクタグ】「神椿市」【特殊能力】自分のターンに1回使用できる。このカードで「神椿市」のSongカードを使用した後、VOLノイズを1枚選び、山札に戻してよくきる。,此処/【登場】魔力α生成/ノイズ除去/「神椿市」
GA-49,【私今日も生きている】心世紀,Artist,黒,【登場時効果】VOL+1【登場条件】ステージのActive状態のArtistカード「御莉姫」「佳鏡院」「硝子宮」のいずれかをトラッシュすることで、トラッシュされたArtistがいたステージにActive状態で出すことができる。【特殊能力】手札からステージに出たときに使える。このカードの両隣のArtistをActive状態にする。ただし、Songカードを使用したArtistカードはActive状態にできない。,心世紀/進化/【登場】VOL獲得/Active化
GA-50,【肆番外の少女】此処[SR],Artist,黒,【登場時効果】魔力α+1【リンクタグ】「神椿市」【特殊能力】自分のターンに1回使用できる。このカードで「神椿市」のSongカードを使用した後、VOLノイズを1枚選び、山札に戻してよくきる。,此処/【登場】魔力α生成/ノイズ除去/「神椿市」/SR
HA-1,【再見】CHINO,Artist,白,【登場時効果】魔力β+1【特殊能力】魔力βを3個消費し、Standby状態にする。その後、サイコロを2回振り、2回の合計が9以上なら自分のターンを終了し、もう一度自分のターンをはじめる。ただし、前の自分のターンでこの特殊能力の効果を使っていた場合、使用できない。,CHINO/【登場】魔力β生成/魔力β消費/EXターン/サイコロ
HA-2,【あなたを描くの】CHINO,Artist,白,【登場時効果】魔力β+1【特殊能力】このカードが手札からステージに出たときに使用できる。サイコロを振り、偶数ならこのカードをActive状態にする。,CHINO/【登場】魔力β生成/速攻/サイコロ
HA-3,【再見】MYU,Artist,赤,【特殊能力】このカードをStandby状態にする。その後、サイコロを2回振り、2回の合計が6以上なら魔力βを1個生成する。また、2回の合計が10以上なら、さらに魔力βを1個生成する。,MYU/【能力】魔力β生成/サイコロ
HA-4,【最愛にて喝采を】MYU,Artist,赤,【登場時効果】魔力β+1【特殊能力】このカードが手札からステージに出たときに使用できる。サイコロを振り、偶数なら正面のArtistをStandby状態にする。,MYU/【登場】魔力β生成/Standby化/サイコロ
HA-5,【再見】NEFFY,Artist,黒,【登場時効果】魔力β+1【特殊能力】魔力βが3個以上あるなら使用できる。このカードをStandby状態にする。その後、サイコロを2回振り、2個の合計が6以上なら相手の手札を見て1枚選びトラッシュする。5以下なら相手の手札を見ずに1枚選びトラッシュする。,NEFFY/【登場】魔力β生成/ハンデス/サイコロ
HA-6,【Stay by my side】NEFFY,Artist,黒,【登場時効果】魔力α+1【特殊能力】このカードが手札からステージに出たときに使用できる。相手のステージのArtistを1枚選び、このカードの正面のArtistと場所を入れ替えても良い。,NEFFY/【登場】魔力α生成/移動
HA-7,【再見】RARA,Artist,黒,【登場時効果】魔力α+1【特殊能力】サイコロを振った直後に、魔力αが3個以上あるなら、このカードをStandby状態にすることで使用できる。直前のサイコロを振り直す。,RARA/【登場】魔力α生成/出目干渉/魔力α参照
HA-8,【全開の愛情モード】RARA,Artist,黒,【登場時効果】魔力β+1【特殊能力】このカードをStandby状態にする。その後、ステージの黒タイプのArtistの数だけサイコロを振り、偶数が出た回数分山札を引く。,RARA/【登場】魔力β生成/ドロー/サイコロ
HA-9,【再見】VITTE,Artist,青,【特殊能力】このカードが手札からステージに出たときに使用できる。サイコロを2回振り、2回の合計が8か9か10なら相手のDirectionを1枚選びトラッシュする。11以上なら相手のDirectionを2枚選びトラッシュする。,VITTE/破壊/サイコロ
HA-10,【キュートな意趣返し】VITTE,Artist,青,【登場時効果】魔力β+1【特殊能力】このカードをStandby状態にする。その後、お互いに魔力βを1個生成し、相手の魔力αを1個消失する。,VITTE/【登場】魔力β生成/【能力】魔力β生成/魔力α消失
HA-11,【早く遠く目を開けて】VALIS,Artist,赤,【登場時効果】VOL+2【登場条件】ステージのActive状態のArtistカード「CHINO」「MYU」「NEFFY」「RARA」「VITTE」の内、異なる2枚のArtistをトラッシュすることで、トラッシュされたカードがいた場のいずれかのステージにActive状態で出すことができる。【特殊能力】このカードをStandby状態にする。その後、サイコロを2回振り、2回の合計が9以上なら魔力βを5個生成する。この特殊能力を使用したターンの終わりに、魔力βを全て消失する。,VALIS/進化/【登場】VOL獲得/【能力】魔力β生成/魔力β消費/サイコロ
HA-12,【Can't stop me】VALIS,Artist,青,【登場時効果】VOL+2【登場条件】ステージのActive状態のArtistカード「CHINO」「MYU」「NEFFY」「RARA」「VITTE」の内、異なる2枚のArtistをトラッシュすることで、トラッシュされたカードがいた場のいずれかのステージにActive状態で出すことができる。【特殊能力】このカードがActive状態で、魔力αが5個あるならこのカードの効果は常に発動する。サイコロの目を1増加する。,VALIS/進化/【登場】VOL獲得/出目干渉
HA-13,【This is】VALIS,Artist,白,【登場時効果】VOL+1【登場条件】ステージのActive状態のArtistカード「CHINO」「MYU」「NEFFY」「RARA」「VITTE」の内、異なる2枚のArtistをトラッシュすることで、トラッシュされたカードがいた場のいずれかのステージにActive状態で出すことができる。【特殊能力】このカードをStandby状態にし、魔力Ωを好きなだけ消費する。その後、魔力Ωを消費した数と同じ数のVOLを獲得する。,VALIS/進化/【登場】VOL獲得/【能力】VOL獲得/魔力Ω消費
HA-14,【今始まるゼノパレード】VALIS,Artist,黒,【登場時効果】VOL+2【登場条件】ステージのActive状態のArtistカード「CHINO」「MYU」「NEFFY」「RARA」「VITTE」の内、異なる2枚のArtistをトラッシュすることで、トラッシュされたカードがいた場のいずれかのステージにActive状態で出すことができる。【特殊能力】手札からステージに出たときに1回使用できる。このカードをStandby状態にする。その後、サイコロを振り、奇数なら1枚、偶数なら2枚までお互いのDirectionの中から選び、それぞれのプレイヤーの手札に戻す。,VALIS/進化/【登場】VOL獲得/バウンス/サイコロ
JA-3,【八咫烏(解)】花譜,Artist,赤,【登場時効果】VOL+1【登場条件】ステージのActive状態のArtistカード「【八咫烏】花譜」をトラッシュすることで、「【八咫烏】花譜」がいたステージにActive状態で出すことができる。【特殊能力】このカードをStandby状態にする。その後、魔力αと魔力βを2個ずつ消費し、魔力Ωを2個生成する。,花譜/進化/【登場】VOL獲得/【能力】魔力Ω生成/魔力α消費/魔力β消費/八咫烏
JA-8,【いつか思い出にするから】明透,Artist,赤,【登場時効果】魔力α+1【特殊能力】手札からArtistカードを1枚トラッシュし、このカードをStandby状態にする。その後、トラッシュから赤タイプを含むSongカードを1枚選び相手に見せて手札に加える。,明透/【登場】魔力α生成/サルベージ/手札消費
JA-10,【いつか思い出にするから】明透[SR],Artist,赤,【登場時効果】魔力α+1【特殊能力】手札からArtistカードを1枚トラッシュし、このカードをStandby状態にする。その後、トラッシュから赤タイプを含むSongカードを1枚選び相手に見せて手札に加える。,明透/【登場】魔力α生成/サルベージ/手札消費/SR
JA-17,【「あたしを外に、連れ出して……！」】狸眼,Artist,青,【登場時効果】魔力β+1【リンクタグ】「神椿市」【特殊能力】手札からステージに出たときに使用できる。ステージにArtist「化歩」がいるなら、魔力αを1個生成する。,狸眼/【登場】魔力β生成/【能力】魔力α生成/化歩/「神椿市」
JA-18,【愛したい気持ち忘れない】佳鏡院,Artist,青,【特殊能力】このArtistでSongを使用して魔力βを生成したあと、魔力αを1個生成する。,佳鏡院/【能力】魔力α生成
JA-20,【愛したい気持ち忘れない】佳鏡院[SR],Artist,青,【特殊能力】このArtistでSongを使用して魔力βを生成したあと、魔力αを1個生成する。,佳鏡院/【能力】魔力α生成/SR
JA-23,【八咫烏】春猿火,Artist,黄,【登場時効果】魔力β+1【特殊能力】このカードをStandby状態にする。その後、サイコロを振り、4以上なら相手の魔力αを1個消失する。,春猿火/【登場】魔力β生成/魔力α消失/サイコロ/八咫烏
JA-28,【逃げ出してね！】夕凪機,Artist,黄,【登場時効果】魔力β+1【特殊能力】このカードをStandby状態にする。その後、トラッシュのArtistカードを3枚まで選び、山札に戻してよくきる。山札に戻したArtistの枚数分サイコロを振り、5以上が出た回数分VOLを獲得する。,夕凪機/【登場】魔力β生成/【能力】VOL獲得/サルベージ/サイコロ
JA-30,【逃げ出してね！】夕凪機[SR],Artist,黄,【登場時効果】魔力β+1【特殊能力】このカードをStandby状態にする。その後、トラッシュのArtistカードを3枚まで選び、山札に戻してよくきる。山札に戻したArtistの枚数分サイコロを振り、5以上が出た回数分VOLを獲得する。,夕凪機/【登場】魔力β生成/【能力】VOL獲得/サルベージ/サイコロ/SR
JA-45,【どこへもかえさない】心世紀,Artist,黒,【登場時効果】VOL+2【登場条件】ステージのActive状態のArtistカード「御莉姫」「佳鏡院」「硝子宮」の内、異なる2枚のArtistをトラッシュすることで、トラッシュされたカードがいた場のいずれかのステージにActive状態で出すことができる。【特殊能力】このカードがActive状態なら1ターンに何度でも使用できる。手札を3枚選び好きな順番に入れ替えて山札の一番下に戻す。その後、サイコロを振り、偶数ならVOLを1点獲得する。,心世紀/進化/【登場】VOL獲得/【能力】VOL確答
JA-48,【あなたに見せるよ】V.W.P,Artist,黒,【登場時効果】魔力Ω+1【登場条件】ステージのカード名に「八咫烏」がつくActive状態のArtistカードを2枚トラッシュすることで、トラッシュされたカードがいた場のいずれかのステージにActive状態で出すことができる。【特殊能力】このカードをStandby状態にする。その後、自分のVOLノイズを5枚まで選び、山札の一番下に戻し、山札に戻した枚数の数だけVOLを獲得する。,V.W.P/進化/【登場】魔力Ω生成/ノイズ除去/【能力】VOL獲得/八咫烏
JA-50,【あなたに見せるよ】V.W.P[SR],Artist,黒,【登場時効果】魔力Ω+1【登場条件】ステージのカード名に「八咫烏」がつくActive状態のArtistカードを2枚トラッシュすることで、トラッシュされたカードがいた場のいずれかのステージにActive状態で出すことができる。【特殊能力】このカードをStandby状態にする。その後、自分のVOLノイズを5枚まで選び、山札の一番下に戻し、山札に戻した枚数の数だけVOLを獲得する。,V.W.P/進化/【登場】魔力Ω生成/ノイズ除去/【能力】VOL獲得/八咫烏/SR
exA-1,【現象】V.W.P,Artist,赤,【登場時効果】VOL+1【登場条件】いずれかの魔力が5個あるならステージに出すことができる。【特殊能力】このカードはすべてのタイプのSongカードを使用できる。ただし、赤タイプを含まないSongを使用する場合、魔力αを1個消費しなければ、使用できない。,V.W.P/【登場】VOL獲得/全色化/魔力α消費/現象
exA-2,【REGENERATE】魔女の娘たち,Artist,黄,【登場時効果】VOL+1【登場条件】トラッシュにArtistカードが5枚以上あるならステージに出すことができる。【特殊能力】手札からステージに出たときに1回使用できる。トラッシュからALLタイプのSongカードを1枚選び手札に加える。,魔女の娘たち/【登場】VOL獲得/サルベージ
exA-3,【REGENERATE】魔女の娘たち[SR],Artist,黄,【登場時効果】VOL+1【登場条件】トラッシュにArtistカードが5枚以上あるならステージに出すことができる。【特殊能力】手札からステージに出たときに1回使用できる。トラッシュからALLタイプのSongカードを1枚選び手札に加える。,魔女の娘たち/【登場】VOL獲得/サルベージ/SR
exA-4,【現象Ⅱ(再)】V.W.P,Artist,青,【登場時効果】VOL+1【登場条件】いずれかの魔力が5個あるならステージに出すことができる。【特殊能力】このカードはすべてのタイプのSongカードを使用できる。ただし、青タイプを含まないSongを使用する場合、魔力αを1個消費しなければ、使用できない。,V.W.P/【登場】VOL獲得/全色化/魔力α消費/現象
exA-5,【怪歌(再)】花譜,Artist,赤,【登場時効果】VOL+1【登場条件】このターン、4枚以上のSongカードを使用しているならステージに出すことができる。【特殊能力】手札からステージに出たときに1回使用できる。トラッシュから赤タイプのSongカードを1枚選び手札に加える。,花譜/【登場】VOL獲得/サルベージ
exA-6,【すべては協奏の果てに】V.I.P,Artist,白,【登場時効果】VOL+1【登場条件】自分のステージにArtistが4枚以上出ているなら、ステージに出すことができる。【特殊能力】手札からステージに出たときに1回使用できる。トラッシュからALLタイプのSongカードを1枚選び手札に加える。,V.I.P/【登場】VOL獲得/サルベージ
exA-7,【すべては協奏の果てに】V.I.P[SR],Artist,白,【登場時効果】VOL+1【登場条件】自分のステージにArtistが4枚以上出ているなら、ステージに出すことができる。【特殊能力】手札からステージに出たときに1回使用できる。トラッシュからALLタイプのSongカードを1枚選び手札に加える。,V.I.P/【登場】VOL獲得/サルベージ/SR
exA-8,【改変】御莉姫,Artist,赤,【特殊能力】自分のターンに1回使用できる。このカードがセンターにいるなら、このカードでSongカードを使用した後、山札を1枚引く。,御莉姫/ドロー
exA-9,【改変】佳鏡院,Artist,青,【特殊能力】自分のターンに1回使用できる。このカードがセンターにいるなら、このカードでSongカードを使用した後、山札を1枚引く。,佳鏡院/ドロー
exA-10,【改変】硝子宮,Artist,黒,【特殊能力】自分のターンに1回使用できる。このカードがセンターにいるなら、このカードでSongカードを使用した後、山札を1枚引く。,硝子宮/ドロー
exA-11,【改変】氷夏至,Artist,白,【特殊能力】自分のターンに1回使用できる。このカードがセンターにいるなら、このカードでSongカードを使用した後、山札を1枚引く。,氷夏至/ドロー
exA-12,【改変】美古途,Artist,青,【特殊能力】自分のターンに1回使用できる。このカードがセンターにいるなら、このカードでSongカードを使用した後、山札を1枚引く。,美古途/ドロー
exA-13,【改変】夕凪機,Artist,黄,【特殊能力】自分のターンに1回使用できる。このカードがセンターにいるなら、このカードでSongカードを使用した後、山札を1枚引く。,夕凪機/ドロー
prmA-1,【向き合えたら】可不,Artist,赤,【登場時効果】魔力α+1【特殊能力】魔力αが2個以上あるなら使用できる。このカードをStandby状態にする。その後、サイコロを振り、奇数ならトラッシュからSongカードを1枚選び、相手に見せ山札に戻してよくきる。,可不/【登場】魔力α生成/魔力α参照/サルベージ/サイコロ
prmA-2,【超常現象】VITTE,Artist,青,【登場時効果】魔力α+1【特殊能力】このカードが手札からステージに出た時に使用できる。自分のステージのArtistを好きなように入れ替える。,VITTE/【登場】魔力α生成/移動
AS-1,【魔女の始まり】電脳,Song,全,魔力αか魔力βを1個生成する。【センター効果】センターのArtistでこのカードを使用した場合に追加で発生する。VOLを1個生成する。,【能力】魔力α生成/【能力】魔力β生成/【能力】VOL獲得/SDV.W.P
AS-2,【あなたと】共鳴,Song,全,山札の上から5枚見て、その中からArtistを1枚選び、相手に見せて手札に加える。残りのカードは山札に戻してよくきる。,Artistサーチ/SDV.W.P
AS-3,【想いはここに】言霊,Song,全,山札の上から5枚を見て、その中から即時タイプのMagicを1枚選び、相手に見せて手札に加える。残りのカードは山札に戻してよくきる。【センター効果】センターのArtistでこのカードを使用した場合に追加で発生する。魔力αを1個生成する。,Magicサーチ/【能力】魔力α生成/SDV.W.P
AS-4,【願いはここに】言霊,Song,全,山札の上から5枚を見て、その中から即時タイプのMagicを1枚選び、相手に見せて手札に加える。残りのカードは山札に戻してよくきる。【センター効果】センターのArtistでこのカードを使用した場合に追加で発生する。魔力βを1個生成する。,Magicサーチ/【能力】魔力β生成/SDV.W.P
AS-5,【幕開け】祭壇,Song,全,魔力αを1個生成する。その後、サイコロを振り4以上なら魔力αをさらに1個生成する。,【能力】魔力α生成/サイコロ/SDV.W.P
AS-6,【証明】祭壇,Song,全,魔力βを1個生成する。その後、サイコロを振り4以上なら魔力βをさらに1個生成する。,【能力】魔力β生成/サイコロ/SDV.W.P
AS-7,【繋がり】祭壇,Song,全,魔力α1個と魔力β1個を消費する。その後、魔力Ωを1個生成する。【センター効果】センターのArtistでこのカードを使用した場合に追加で発生する。魔力α1個か魔力β1個を追加で消費して、魔力Ωを1個生成してもよい。,【能力】魔力Ω生成/魔力α消費/魔力β消費/SDV.W.P
AS-8,【運命を君たちを変える】定命,Song,全,山札の上から2枚引く。,ドロー/SDV.W.P
AS-9,【負けられない】危ノーマル,Song,赤,手札から1枚トラッシュする。その後、魔力βを2個生成する。,【能力】魔力β生成/手札消費/SD花譜
AS-10,【正解を選ぶ】quiz,Song,赤,相手の山札の上から2枚を見て、1枚をトラッシュし、1枚を山札の上に戻す。【センター効果】センターのArtistでこのカードを使用した場合に追加で発生する。魔カβを1個生成する。,山上干渉/Lo/【能力】魔力β生成/SD花譜
AS-11,【食べなくちゃ】食虫植物,Song,青,相手の手札を見ずに、1枚選びトラッシュする。【センター効果】センターのArtistでこのカードを使用した場合に追加で発生する。山札から1枚引く。,ハンデス/ドロー/SD理芽
AS-12,【期待の再放送】さみしいひと,Song,青,手札を2枚トラッシュする。その後、自分のトラッシュからSongカードを2枚まで選び、相手に見せて、手札に加える。ただし、このカードの効果でトラッシュしたSongカードは選べない。,サルベージ/手札消費/SD理芽
AS-13,【怖い物無い】青春,Song,黄,サイコロを振り、偶数ならArtistカード、奇数ならSongカードをトラッシュから1枚選び、相手に見せて手札に加える。,サルベージ/サイコロ/SD春猿火
AS-14,【一緒に切り開く】Lift Up,Song,黄,魔力βを1個生成する。【センター効果】センターのArtistでこのカードを使用した場合に追加で発生する。魔力αを1個生成する。,【能力】魔力α生成/【能力】魔力β生成/SD春猿火
AS-15,【君を見るから】とめどなき白情,Song,白,相手のステージのArtistを2枚選び、その場所を入れ替える。【センター効果】センターのArtistでこのカードを使用した場合に追加で発生する。魔カαを1個生成する。,移動/【能力】魔力α生成/SDヰ世界情緒
AS-16,【二度と戻れない】ディメンション,Song,白,サイコロを振り、5以上なら、使用したArtistの正面のArtistカードを相手の山札に戻して、よくきる。Artistについているカードはトラッシュする。,バウンス/サイコロ/SDヰ世界情緒
AS-17,【閉鎖された摩天楼】夜光を呼ぶ,Song,黒,お互いのステージのArtistが4人になるまでトラッシュする。【センター効果】センターのArtistでこのカードを使用した場合に追加で発生する。サイコロを振り、奇数なら魔カαを、偶数なら魔力βを1個生成する。,【能力】魔力α生成/【能力】魔力β生成/破壊/サイコロ/SD幸祜
AS-18,【君を呼んで】LIT,Song,黒,自分のステージに2個以上の空きがあり、相手よりも獲得したVOLが3点以上少ないなら使用できる。サイコロを振って、出た目が奇数なら1枚、偶数なら2枚山札から登場条件のない黒タイプのArtistをStandby状態で出すことができる。その後、山札をよくきる。,召喚/サイコロ/SD幸祜
BS-1,【君のいない空へ】雛鳥,Song,赤,相手の装備タイプのMagicカードを1枚トラッシュする。【センター効果】センターのArtistでこのカードを使用した場合に追加で発生する。魔カβを1個生成する。,破壊/【能力】魔力β生成
BS-2,【愛しいかな？】忘れてしまえ,Song,赤,手札を1枚トラッシュする。その後、正面のArtistをStandby状態にする。,Standby化/手札消費
BS-3,【浮かべて】スロウリー,Song,赤,このSongカードがトラッシュされるまで、相手のArtistの特殊能力はなくなる。【センター効果】センターのArtistでこのカードを使用した場合に追加で発生する。魔カαを1個生成する。,能力不可/【能力】魔力α生成
BS-4,【始まりエンドロール】物換星移カタルシス,Song,赤,手札から2枚トラッシュする。相手の場のDirectionカードを1枚トラッシュする。,破壊/手札消費
BS-5,【運命にキスを】guilty,Song,赤,自分の場のDirectionを1枚選び、トラッシュする。【センター効果】センターのArtistでこのカードを使用した場合に追加で発生する。魔カαを1個生成する。,バウンス/【能力】魔力α生成
BS-6,【どうか夜よ明けないで】ハナタバ,Song,赤,相手の山札からVOLノイズを1枚置く。【センター効果】センターのArtistでこのカードを使用した場合に追加で発生する。Artistカード「花譜」とArtistカード「可不」が自分のステージにいるならサイコロを振り、5以上なら魔力Ωを1個生成する。,VOLノイズ/【能力】魔力Ω生成/サイコロ/花譜/可不
BS-7,【泡のように】さみしいひと,Song,青,トラッシュから青タイプのSongカード1枚を選んで、相手に見せて手札に加える。,サルベージ
BS-8,【藍に溶けた】星月夜の調べ,Song,青,このターンの終わりまで、相手のArtistの特殊能力はすべてなくなる。【センター効果】センターのArtistでこのカードを使用した場合に追加で発生する。魔カαを1個生成する。,能力不可/【能力】魔力α生成
BS-9,【推敲された嘘ばっか】法螺話 (with Guiano),Song,青,手札を1枚トラッシュする。その後、山札を2枚引く。【センター効果】センターのArtistでこのカードを使用した場合に追加で発生する。自分のステージのActive状態の赤タイプのArtistとこのSongを使用したArtistの場所を入れ替える。,ドロー/手札消費/移動/色補助【赤】
BS-10,【すべてをあなたに】生活に落ちる,Song,青,山札から青タイプのArtistを1枚選び、相手に見せて手札に加える。山札をよくきる。,Artistサーチ/色補助【青】
BS-11,【いかないで】わたしレプリカ,Song,青,手札を1枚トラッシュする。その後、相手の山札から1枚をVOLノイズを1枚置く。,VOLノイズ/手札消費
BS-12,【どこに真実はあるの】永遠,Song,青,お互いに手札を山札に戻してよくきる。お互いにサイコロを振り、出た目の数だけ山札を引く。,ドロー
BS-13,【優しい魂】居場所,Song,黄,山札の上から6枚を見て、その中から黄タイプのSongカードを1枚選んで相手に見せて手札に加える。残りのカードは山札に戻してよくきる。【センター効果】センターのArtistでこのカードを使用した場合に追加で発生する。魔カαを1個生成する。,Songサーチ
BS-14,【大丈夫】台風の子,Song,黄,魔力βを1個生成する。【センター効果】センターのArtistでこのカードを使用した場合に追加で発生する。Standby状態のArtistカード「春猿火」を1枚選び、Active状態にする。ただし、Songカードを使用したArtistカードは選択できない。,【能力】魔力β生成/Active化/春猿火
BS-15,【大丈夫】台風の眼,Song,黄,魔力αを1個生成する。【センター効果】センターのArtistでこのカードを使用した場合に追加で発生する。サイコロを振り、4以上なら相手の魔力βを1個消失する。,【能力】魔力α生成/魔力β消失/サイコロ
BS-16,【さあ待ってるね】新世界ピグマリオン,Song,黄,山札の上から2枚引く。【センター効果】センターのArtistでこのカードを使用した場合に追加で発生する。サイコロを振り、5以上なら正面のArtistカードを相手の山札に戻してよくきる。Artistについているカードはトラッシュする。,ドロー/バウンス
BS-17,【Stayならsafe】faker,Song,黄,手札を1枚トラッシュする。その後、サイコロを振り、5以上なら次の相手のターンの終わりまで、正面のArtistは特殊能力がなくなる。,能力不可/手札消費/サイコロ
BS-18,【置いてって】Maple,Song,黄,サイコロを振り、3以上なら相手のArtistを2枚選び、場所を入れ替える。,移動
BS-19,【夜を見よう】ジオラマドラマ,Song,白,山札の上から7枚を見て、即時タイプのMagicカードを1枚選び、相手に見せて手札に加える。残りのカードは山札に戻してよくきる。,Magicサーチ
BS-20,【心は知っていた】誰もいない絵で,Song,白,魔力αを1個生成する。【センター効果】センターのArtistでこのカードを使用した場合に追加で発生する。自分の場のDirectionを1枚選び、手札に戻す。,【能力】魔力α生成/バウンス
BS-21,【終わりのない想像】誰もいない絵で,Song,白,魔力αを1個生成する。【センター効果】センターのArtistでこのカードを使用した場合に追加で発生する。魔力αを1個生成する。,【能力】魔力α生成
BS-22,【憂愁】熱愛フローズン,Song,白,このカードが場にある限り、相手は1枚のカードでVOLを2点以上獲得するとき、1点少なくなる。ただし、この効果で1点未満にはならない。このカードはこのターンの終わりではトラッシュされず、次の相手のターンの終わりでトラッシュされる。,持続/VOL消失
BS-23,【UFOにのって】異界にいこうね,Song,白,魔力αを1個生成する。【センター効果】センターのArtistでこのカードを使用した場合に追加で発生する。相手のステージのArtistを2枚選び、場所を入れ替える。,【能力】魔力α生成/移動
BS-24,【知らない音】異界にいこうね,Song,白,魔力βを1個生成する。【センター効果】センターのArtistでこのカードを使用した場合に追加で発生する。手札が3枚になるまで山札を引く。,【能力】魔力β生成/ドロー
BS-25,【君を護ってくれますように】harmony,Song,黒,手札を1枚トラッシュする。その後、正面のArtistを別のArtistの位置と入れ替える。,移動/手札消費
BS-26,【許してくれないか】白昼夢,Song,黒,自分の場のDirectionを1枚選び、手札に戻す。【センター効果】センターのArtistでこのカードを使用した場合に追加で発生する。魔力βを1個生成する。,バウンス/【能力】魔力β生成
BS-27,【一つの誓い】the last bullet,Song,黒,魔力βを1個生成する。【センター効果】センターのArtistでこのカードを使用した場合に追加で発生する。VOLを1点獲得する。,【能力】魔力β生成/【能力】VOL獲得
BS-28,【飾りの嘘でも】閃光の彼方,Song,黒,このカードが場にある限り、相手は1枚のカードで魔力βを2個以上獲得するとき、1個少なくなる。ただし、この効果で1個未満にはならない。このカードはこのターンの終わりではトラッシュされず、次の相手のターンの終わりでトラッシュされる。,持続/魔力β消失
BS-29,【ねえ いつから？】そんなファンタジー,Song,黒,手札を2枚トラッシュする。その後、名前に「デュエル」がつくMagicカードを山札から1枚選び、相手に見せて、手札に加える。山札をよくきる。,Magicサーチ/手札消費/デュエル
BS-30,【気づかぬまま】リセットシンドローム,Song,黒,山札の一番上のカードを確認して、戻す。【センター効果】センターのArtistでこのカードを使用した場合に追加で発生する。魔力αを1個生成する。,【能力】魔力α生成
BS-31,【音楽は魔法】まほう,Song,赤青,自分のステージに赤タイプのArtistカード「花譜」と青タイプのArtistカード「理芽」がいるなら使用できる。山札から即時タイプのMagicを1枚選び、相手に見せて手札に加える。山札をよくきる。,2色/Magicサーチ/花譜/理芽
BS-32,【願いましょ？】素的,Song,青黒,自分のステージの青タイプのArtistカード「理芽」と黒タイプのArtistカード「幸祜」の数だけサイコロを振り、4以上が出た回数だけ山札を引く。,2色/ドロー/サイコロ/理芽/幸祜
BS-33,【密かに笑う魔女のように】刻印,Song,黒白,山札の上から3枚トラッシュする。その中のSongカードの数だけ魔力αを生成する。【センター効果】センターのArtistでこのカードを使用した場合に追加で発生する。自分のステージに白タイプのArtistカード「ヰ世界情緒」と黑タイプのArtistカード「幸祜」がいるなら魔力Ωを1個生成する。,2色/【能力】魔力α生成/【能力】魔力Ω生成/山札消費/ヰ世界情緒/幸祜
BS-34,【描く未来へ】生存,Song,黄白,サイコロを振り、奇数なら1個、偶数なら2個の魔力αを生成する。【センター効果】センターのArtistでこのカードを使用した場合に追加で発生する。自分のステージに黄タイプのArtistカード「春猿火」と白タイプのArtistカード「ヰ世界情緒」がいるなら魔力Ωを1個生成する。,2色/【能力】魔力α生成/【能力】魔力Ω生成/春猿火/ヰ世界情緒
BS-35,【火を付けた爪弾きの声に】残火,Song,赤黄,相手の山札からVOLノイズを1枚置く。【センター効果】センターのArtistでこのカードを使用した場合に追加で発生する。自分のステージに赤タイプのArtistカード「花譜」と黄タイプのArtistカード「春猿火」がいるなら追加で相手の山札からVOLノイズを1枚置く。,2色/VOLノイズ/花譜/春猿火
BS-36,【さよならしよう】電脳,Song,全,魔力αか魔力βを1個生成する。【センター効果】センターのArtistでこのカードを使用した場合に追加で発生する。相手のVOLを1点消失する。,【能力】魔力α生成/【能力】魔力β生成/VOL消失
BS-37,【偽りだらけの物語】感情,Song,全,魔力αを1個生成する。【センター効果】センターのArtistでこのカードを使用した場合に追加で発生する。相手の山札からVOLノイズを1枚置く。,【能力】魔力α生成/VOLノイズ
BS-38,【闇を払え】玩具,Song,全,VOLノイズを1枚引く。【センター効果】センターのArtistでこのカードを使用した場合に追加で発生する。VOLノイズをさらに1枚引く。,ノイズ除去
BS-39,【秘密裏に絶えていく】Penumbra,Song,全,自分の山札を上から3枚見て、好きな順番に並び替えて山札の一番上に戻す。【センター効果】センターのArtistでこのカードを使用した場合に追加で発生する。魔力αを1個生成する。,山上干渉/【能力】魔力α生成
BS-40,【がむしゃらに】変身,Song,全,自分の手札を3枚トラッシュする。山札から登場条件があるArtistを1枚選び、相手に見せて手札に加える。山札をよくきる。,Artistサーチ/手札消費
BS-41,【真実はいつも二つ】偶像ナイトメア,Song,全,サイコロを振り、2以下なら魔力αを、3か4なら魔力βを、5以上なら魔力αと魔力βを1個ずつ生成する。【センター効果】センターのArtistでこのカードを使用した場合に追加で発生する。もう一度サイコロを振り、5以上なら魔力αを1個生成する。,【能力】魔力α生成/【能力】魔力β生成/サイコロ
DS-1,【過去が僕らを待っている】過去を喰らう,Song,赤,トラッシュの「【過去が僕らを待っている】過去を喰らう」の枚数分まで相手のArtistを選び、Standby状態にする。,Standby化
DS-2,【甘いだけぢや嘘みたい】渇愛論,Song,赤,Artist，Song，Magic，Directionのいずれかを宣言し、自分の山札の一番上をトラッシュする。トラッシュしたカードの種類が宣言したものと一致していた場合、トラッシュしたカードを手札に加える。【センター効果】センターのArtistでこのカードを使用した場合に追加で発生する。Artist「MYU」で使用したなら、VOLを1点獲得する。,ドロー/山札消費/【能力】VOL獲得/MYU
DS-3,【夢にまで描く理想】ブルーナイトダーリン,Song,赤,魔力αを1個生成する。【センター効果】センターのArtistでこのカードを使用した場合に追加で発生する。この自分のターンでこのカードを除いて4枚のSongカードを使用していたら、VOLを1点獲得する。,【能力】魔力α生成/【能力】VOL獲得
DS-4,【穢れた呪文唱えて】Black Glow,Song,赤,魔力αと魔力βを1個ずつ消費する。その後、魔力Ωを1個生成する。【センター効果】センターのArtistでこのカードを使用した場合に追加で発生する。魔力αと魔力βを追加で1個ずつ消費しても良い。消費した場合、相手の魔力Ωを1個消失する。,【能力】魔力Ω生成/魔力α消費/魔力β消費/魔力Ω消失
DS-5,【想いは背徳で】フェイクナイト・シンデレラ,Song,赤,山札の上から6枚を見て、その中から赤タイプのSongカードを1枚選んで相手に見せて手札に加える。残りのカードは山札に戻してよくきる。【センター効果】センターのArtistでこのカードを使用した場合に追加で発生する。魔カβを1個生成する。,Songサーチ
DS-6,【だからあなたを待っている】海に化ける,Song,赤,魔力βを1個生成する。【センター効果】センターのArtistでこのカードを使用した場合に追加で発生する。相手のStandby状態のArtistの数だけVOLを獲得する。,【能力】魔力β生成/【能力】VOL獲得
DS-7,【心の臓の奥の方で】クライベイビー,Song,青,手札を1枚トラッシュする。その後、相手の魔力αを1個消失する。【センター効果】センターのArtistでこのカードを使用した場合に追加で発生する。魔カαを1個生成する。,魔力α消失/手札消費/【能力】魔力α生成
DS-8,【話を今度は聞かせて】甘美な無法,Song,青,山札の上から7枚を見て、その中からArtistを1枚選び、相手に見せて手札に加える。残りのカードはよくきって山札の一番下に戻す。,Artistサーチ
DS-9,【死ぬほどだっせぇなあ】風,Song,青,手札を1枚トラッシュする。その後、正面のArtistをStandby状態にする。,Standby化/手札消費
DS-10,【此処ではない何処かへ】馥郁の街,Song,青,サイコロを振り、4以上なら相手のセンター以外のArtistを1枚選び、Standby状態にする。,Standby化/サイコロ
DS-11,【夢の中】ピカピカキャンディラブイズム,Song,青,山札の上から3枚を見て、好きな順に入れ替えて山札の一番上に戻す。【センター効果】センターのArtistでこのカードを使用した場合に追加で発生する。Artist「VITTE」で使用したなら、VOLを1点獲得する。,山上干渉/【能力】VOL獲得/VITTE
DS-12,【限界へ御招待】赤い洗礼,Song,青,このカードが場にある限り、相手は1枚のカードで魔力αを2個以上生成するとき、1個少なくなる。ただし、この効果で1個未満にはならない。このカードはこのターンの終わりではトラッシュされず、次の相手のターンの終わりでトラッシュされる。【センター効果】センターのArtistでこのカードを使用した場合に追加で発生する。相手の山札からVOLノイズを1枚置く。,持続/魔力α消失/VOLノイズ
DS-13,【私になる為に】巫女,Song,黄,サイコロを振り、4以上なら登場条件が無いArtistカード「春猿火」をトラッシュから1枚選び、Standby状態でステージに出す。ただし、ステージが空いていないとき、このカードは使用できない。,召喚/サイコロ/春猿火
DS-14,【聞こえてますか私】フリーフォール,Song,黄,手札のArtistを3枚まで選びトラッシュする。その後、トラッシュした枚数分、相手の魔力αを消失する。【センター効果】センターのArtistでこのカードを使用した場合に追加で発生する。魔カαを1個生成する。,魔力α消失/手札消費/【能力】魔力α生成
DS-15,【曖昧に決めて】ロースピードフェイクリリック,Song,黄,山札の上から7枚を見て、その中から即時タイプのMagicを1枚選び、相手に見せて手札に加える。残りのカードは山札に戻してよくきる。【センター効果】センターのArtistでこのカードを使用した場合に追加で発生する。魔力βを1個生成する。,Magicサーチ/【能力】魔力β生成
DS-16,【あなたのため】再見ロマネスク,Song,黄,手札を1枚トラッシュする。その後、VOLノイズを1枚引く。【センター効果】センターのArtistでこのカードを使用した場合に追加で発生する。相手の山札からVOLノイズを1枚置く。,ノイズ除去/手札消費/VOLノイズ
DS-17,【地獄でもいいんじゃない？】弔花,Song,黄,相手のトラッシュのSongカードを3枚まで選んで相手の山札の一番下に戻す。【センター効果】センターのArtistでこのカードを使用した場合に追加で発生する。このカードが場にある限り、相手は1ターンで同じ名前の即時タイプのMagicカードを2枚以上使用できない。このカードはこのターンの終わりではトラッシュされず、次の相手のターンの終わりでトラッシュされる。,サルベージ/持続/使用妨害
DS-18,【なんでもいいよ世間】PARASITE,Song,黄,魔力βを1個生成する。その後、サイコロを振り4以上なら魔力βをさらに1個生成する。【センター効果】センターのArtistでこのカードを使用した場合に追加で発生する。サイコロを振り、5以上ならVOLを1点獲得する。,【能力】魔力β生成/サイコロ/【能力】VOL獲得
DS-19,【辿り着く日は来るよ】描き続けた君へ,Song,白,魔力αを1個生成する。【センター効果】センターのArtistでこのカードを使用した場合に追加で発生する。VOLノイズを1枚山札の一番上に戻す。,【能力】魔力α生成/ノイズ除去
DS-20,【灯す黄の色】ANGELIC,Song,白,トラッシュから黄タイプもしくは白タイプのArtistを合計3枚まで選び、相手に見せて山札に戻して、よくきる。,サルベージ/色補助【黄】/色補助【白】
DS-21,【望んでるんだ】ジキル,Song,白,山札の上から7枚を見て、その中から即時タイプのMagicを選び、相手に見せて手札に加える。残りのカードは山札に戻してよくきる。【センター効果】センターのArtistでこのカードを使用した場合に追加で発生する。魔力αを1個生成する。,Magicサーチ/【能力】魔力α生成
DS-22,【私と踊りましょ？】I.C.E,Song,白,サイコロを振り、5以上ならこのカードを使用したArtistの正面のArtistをStandby状態にする。【センター効果】センターのArtistでこのカードを使用した場合に追加で発生する。Artist「CHINO」で使用したなら、VOLを1点獲得する。,Standby化/サイコロ/【能力】VOL獲得/CHINO
DS-23,【胸のbeat暴れ】DIGGER,Song,白,山札の上から7枚を見て、装備タイプのMagicを1枚選び、相手に見せて手札に加える。残りのカードは山札に戻してよくきる。,Magicサーチ
DS-24,【ただ巡っている】エリカの憂い,Song,白,魔力αを1個生成する。その後、サイコロを振り4以上なら魔力αをさらに1個生成する。【センター効果】センターのArtistでこのカードを使用した場合に追加で発生する。サイコロを振り、5以上ならVOLを1点獲得する。,【能力】魔力α生成/サイコロ/【能力】VOL獲得
DS-25,【今は見えない未来へ】ミラージュコード,Song,黒,手札を1枚トラッシュする。その後、自分のステージの他のStandby状態の黒タイプのArtistを1枚選び、Active状態にする。ただし、Songカードを使用したArtistは選択できない。【センター効果】センターのArtistでこのカードを使用した場合に追加で発生する。相手のStandby状態のArtistの数だけ山札を引く。,Active化/手札消費/ドロー/色補助【黒】
DS-26,【そんなんでよかったの？】真面目だけ。,Song,黒,魔力αか魔力βを1個生成する。【センター効果】センターのArtistでこのカードを使用した場合に追加で発生する。Artist「狐子」で使用したなら、山札を2枚引く。,【能力】魔力α生成/【能力】魔力β生成/ドロー/狐子
DS-27,【1番だもん】猫好的トリックスター,Song,黒,手札から1枚選び山札の一番上のカードと入れ替える。【センター効果】センターのArtistでこのカードを使用した場合に追加で発生する。Artist「NEFFY」で使用したなら、VOLを1点獲得する。,山上干渉/【能力】VOL獲得/NEFFY
DS-28,【食べちゃった？】禁断果実,Song,黒,VOLノイズが1枚以上あるなら使用できる。VOLノイズを全て見て、その中の1枚と手札の1枚とを入れ替えても良い。入れ替えたなら、VOLノイズをよくきる。【センター効果】センターのArtistでこのカードを使用した場合に追加で発生する。Artist「RARA」で使用したなら、VOLを1点獲得する。,ノイズ干渉/【能力】VOL獲得/RARA
DS-29,【本当の想いだけは】パーフェクション,Song,黒,サイコロを振り、出た目の数だけ山札の上から見て、1枚を選び、手札に加える。その後、残りのカードを好きな順番に入れ替えて山札の一番上に戻す。【センター効果】センターのArtistでこのカードを使用した場合に追加で発生する。魔力βを1個生成する。,ドロー/【能力】魔力β生成
DS-30,【I give away again】Abstractions Void,Song,黒,VOLノイズを1枚引く。【センター効果】センターのArtistでこのカードを使用した場合に追加で発生する。サイコロを2回振り、偶数が出た回数分まで、VOLノイズを選び、山札に戻してよくきる。,ノイズ除去/サイコロ
DS-31,【ありふれた魔法に】歯車,Song,黒赤,自分のステージに赤タイプのArtist「花譜」と黒タイプのArtist「幸祜」がいるなら使用できる。相手の場の装備タイプのMagicカードを1枚トラッシュする。【センター効果】センターのArtistでこのカードを使用した場合に追加で発生する。山札を1枚引く。,2色/破壊/ドロー/幸祜/花譜
DS-32,【どちらかは最適で】不的,Song,青白,山札の上から2枚を見て、その中の1枚を選び、手札に加える。残りのカードは山札の一番上か一番下に戻す。【センター効果】センターのArtistでこのカードを使用した場合に追加で発生する。自分のステージに青タイプのArtist「理芽」と白タイプのArtist「ヰ世界情緒」がいるなら魔力αと魔力βを1個ずつ生成する。,2色/ドロー/【能力】魔力α生成/【能力】魔力β生成/理芽/ヰ世界情緒
DS-33,【闇も光も支配する】深淵,Song,白赤,自分のステージに赤タイプのArtistカード「花譜」と白タイプのArtistカード「ヰ世界情緒」がいるなら使用できる。相手の魔力Ωを1個消失する。【センター効果】センターのArtistでこのカードを使用した場合に追加で発生する。自分の山札の好きなカードを1枚選び、トラッシュする。山札をよくきる。,2色/魔力Ω消失/山札消費/花譜/ヰ世界情緒
DS-34,【みだりなかくしごと】私的,Song,青黄,自分のステージに青タイプのArtistカード「理芽」と黄タイプのArtistカード「春猿火」がいるなら使用できる。相手の場のDirectionを1枚選び、VOLノイズとしておく。その後、相手のVOLノイズをよくきる。,2色/破壊/VOLノイズ/ノイズ干渉/理芽/春猿火
DS-35,【下らない幻想】逆絶,Song,黄黒,自分のステージに黃タイプのArtist「春猿火」と黒タイプのArtist「幸祜」がいるなら使用できる。魔力αを1個生成する。獲得しているVOLが相手より少ないなら、さらに魔力αを1個生成する。【センター効果】センターのArtistでこのカードを使用した場合に追加で発生する。手札を1枚トラッシュしても良い。トラッシュしたなら、魔力Ωを1個生成する。,2色/【能力】魔力α生成/【能力】魔力Ω生成/手札消費/春猿火/幸祜
DS-36,【盗めないものなんて無い】未遂,Song,全,サイコロを振り、偶数なら相手の魔力βを1個消失する。【センター効果】センターのArtistでこのカードを使用した場合に追加で発生する。魔力βを1個生成する。,魔力β消失/【能力】魔力β生成
DS-37,【一歩踏み出して】暁光,Song,全,魔力βを1個生成する。【センター効果】センターのArtistでこのカードを使用した場合に追加で発生する。手札が3枚になるまで山札を引く。,【能力】魔力β生成/ドロー
DS-38,【運命を制して愛したい】同盟,Song,全,自分のステージに5枚のArtistカードが出ていれば使用できる。VOLを1点獲得する。【センター効果】センターのArtistでこのカードを使用した場合に追加で発生する。ステージのStandby状態のArtistを1枚選び、Active状態にする。ただし、Songカードを使用したArtistは対象外とする。,【能力】VOL獲得/Active化
DS-39,【今存在証明を】月光,Song,全,魔力αを1個生成する。【センター効果】センターのArtistでこのカードを使用した場合に追加で発生する。手札が3枚になるまで山札を引く。,【能力】魔力α生成/ドロー
DS-40,【まだ癒えない】妄想ミッドナイト,Song,全,サイコロを振り、4以上ならトラッシュからSongカードを1枚選んで、相手に見せて手札に加える。,サルベージ/サイコロ
DS-41,【鈍色の宝物】境界線マクガフィン,Song,全,サイコロを振り、トラッシュのMagicカードの枚数と同じならVOLを2点獲得する。,【能力】VOL獲得/サイコロ
ES-1,【カーニバルが始まる】君の目に私は,Song,赤,【特殊能力】魔力βを1個生成する。このSongを使用したArtistが装備タイプのMagicをつけているなら、魔力βをさらに1個生成する。,【能力】魔力β生成
ES-2,【幽霊でもいい】廃校舎の幽霊,Song,青,手札からMagicを1枚トラッシュする。その後、相手の手札を見ずに、1枚選びトラッシュする。【センター効果】センターのArtistでこのカードを使用した場合に追加で発生する。トラッシュから青タイプのSongカードを1枚選び、相手に見せて手札に加える。,ハンデス/手札消費/サルベージ
ES-3,【我々インクイジター】深き者白き背に乗りて,Song,白,ステージにArtist「カフ」「リメ」「ハル」「セカイ」「ココ」のいずれかがいなければ使用できない。Magicが出るまで自分の山札をトラッシュし、初めて出たMagicを手札に加える。【センター効果】センターのArtistでこのカードを使用した場合に追加で発生する。トラッシュのArtistを1枚選び、ステージにStandby状態で出す。ただし、ステージが空いていなければこの効果は発生しない。,Magicサーチ/山札消費/召喚/カフ/リメ/ハル/セカイ/ココ
ES-4,【たしかに】守護・純血・理,Song,黄黒,魔力αか魔力βを1個生成する。【センター効果】センターのArtistでこのカードを使用した場合に追加で発生する。自分のステージに黄タイプのArtistカード「ハル」と黒タイプのArtistカード「ココ」がいるなら魔力αと魔力βを1個ずつ生成する。,2色/【能力】魔力α生成/【能力】魔力β生成/ハル/ココ
ES-5,【エレクトリックガール】照射,Song,全,【特殊能力】サイコロを振り、4以上なら相手の場のDirectionを1枚選び、トラッシュする。自分のターンを終了する。,破壊/サイコロ
FS-1,【雨が降りそうね】アポカリプスより,Song,赤,魔力βを1個生成する。【センター効果】センターのArtistでこのカードを使用した場合に追加で発生する。Artist「花譜」で使用したなら、魔力βを1個生成する。,【能力】魔力β生成/花譜
FS-2,【もう何も怖くはないさ】そして花になる,Song,赤,相手の魔力αが1個以上あるなら使用できる。手札を1枚トラッシュする。その後、相手の魔力αを1個消失する。,魔力α消失/手札消費
FS-3,【ハートビート】Shiny,Song,赤,山札の上から5枚を見て、その中からSongを1枚選び、相手に見せて手札に加える。残りのカードは山札に戻してよくきる。【センター効果】センターのArtistでこのカードを使用した場合に追加で発生する。魔力βを1個生成する。,Songサーチ/【能力】魔力β生成
FS-4,【私の色に染まるかな？】オレンジ,Song,赤,魔力βを2個まで消費し、消費した数の魔力αを生成する。,【能力】魔力α生成/魔力β消費
FS-5,【急いでメモした春】きみが大人になったんだ,Song,青,山札を2枚トラッシュして、山札から登場条件がない青タイプのArtistを1枚選び、相手に見せて手札に加える。山札をよく切る。【センター効果】センターのArtistでこのカードを使用した場合に追加で発生する。サイコロを振り、偶数なら、手札に加えたArtistをStandby状態でステージに出すことができる。ただし、ステージが空いていなければこの効果は発生しない。,召喚/山札消費/Artistサーチ/色補助【青】/サイコロ
FS-6,【かみさまはどうして】おしえてかみさま,Song,青,魔力αを1個生成する。【センター効果】センターのArtistでこのカードを使用した場合に追加で発生する。魔力αを1個消費してもよい。消費したなら、自分の場のDirectionを1枚選び、手札に戻す。,【能力】魔力α生成/バウンス
FS-7,【愛くるしい戦士みたい】少年漫画,Song,青,魔力βを1個生成する。【センター効果】センターのArtistでこのカードを使用した場合に追加で発生する。山札の上から7枚を見て、青タイプのArtistを1枚選び、相手に見せて手札に加える。残りのカードは山札に戻してよくきる。,【能力】魔力β生成/Artistサーチ/色補助【青】
FS-8,【見つけて欲しい】空中散歩,Song,青,山札の一番上を見て、山札の一番上か一番下に戻す。【センター効果】センターのArtistでこのカードを使用した場合に追加で発生する。トラッシュの青タイプのSongカードを1枚選び、相手に見せて手札に加える。,山上干渉/サルベージ
FS-9,【抗い続ける僕らは】定命,Song,全,魔力αか魔力βを1個生成する。【センター効果】センターのArtistでこのカードを使用した場合に追加で発生する。山札を1枚引く。,【能力】魔力α生成/【能力】魔力β生成/ドロー
GS-1,【気持ちよく歌っちゃってたよ】雛鳥,Song,赤,【リンクタグ】「神椿市」魔力βを1個生成する。【センター効果】センターのArtistでこのカードを使用した場合に追加で発生する。相手の装備タイプのMagicカードを1枚トラッシュする。,【能力】魔力β生成/破壊/「神椿市」
GS-2,【「先代の魔女様に贈る歌を」】新世界へ,Song,赤,【リンクタグ】「神椿市」山札の上から5枚を見て、その中から「神椿市」のカードを1枚選び、相手に見せて手札に加える。残りのカードは山札に戻してよくきる。【センター効果】センターのArtistでこのカードを使用した場合に追加で発生する。魔力αを1個生成する。,Artistサーチ/Songサーチ/Magicサーチ/Directionサーチ/【能力】魔力α生成/「神椿市」
GS-3,【空を見れるかな】エリカ,Song,赤,相手の山札からVOLノイズを1枚置く。【センター効果】センターのArtistでこのカードを使用した場合に追加で発生する。サイコロを振り、4以上なら相手の山札を1枚トラッシュする。,VOLノイズ/Lo/サイコロ
GS-4,【ひとりじゃない】Aster,Song,赤,魔力αを1個生成する。【センター効果】センターのArtistでこのカードを使用した場合に追加で発生する。Artist「明透」で使用したなら、VOLを1点獲得する。,【能力】魔力α生成/【能力】VOL獲得/明透
GS-5,【悪いねイラついてんだ今日は】シンユウ,Song,赤,相手の手札を見ずに1枚選び、VOLノイズとして置く。その後、相手はVOLノイズをよくきる。,VOLノイズ/ハンデス
GS-6,【総ては嘘で出来ている】フォニイ,Song,赤,Artist，Song，Magic，Directionのいずれかを宣言し、相手の山札の一番上をトラッシュする。トラッシュしたカードの種類が宣言したものと一致していた場合、トラッシュしたカードをVOLノイズとして置く。その後、相手はVOLノイズをよくきる。【センター効果】センターのArtistでこのカードを使用した場合に追加で発生する。魔力βを1個生成する。,Lo/【能力】魔力β生成
GS-7,【「⋯⋯いいよ」】そして花になる,Song,赤,【リンクタグ】「神椿市」山札から「神椿市」のSongカードを1枚選び、手札に加える。そして山札をよくきる。,Songサーチ/「神椿市」
GS-8,【歌の天才少女】食虫植物,Song,青,【リンクタグ】「神椿市」山札を1枚引く。【センター効果】センターのArtistでこのカードを使用した場合に追加で発生する。相手の手札を見ずに、1枚選びトラッシュする。,ドロー/ハンデス/「神椿市」
GS-9,【外の世界に出ようと願った過去】生活に落ちる,Song,青,【リンクタグ】「神椿市」トラッシュから青タイプのArtistを1枚選び、相手に見せて手札に加える。,サルベージ/色補助【青】/「神椿市」
GS-10,【おはよう、おやすみ】NEUROMANCE,Song,青,正面のArtistをStandby状態にする。【センター効果】センターのArtistでこのカードを使用した場合に追加で発生する。自分のステージのStandby状態のArtistを1枚選びActive状態にする。ただし、Songカードを使用したArtistは対象外とする。,Standby化/Active化
GS-11,【綺麗に謳えない】空想少女,Song,青,相手の手札を見て、Songカードを1枚選び山札の一番下に戻す。【センター効果】センターのArtistでこのカードを使用した場合に追加で発生する。Artist「CIEL」で使用したなら、魔力βを1個消費しても良い。消費したなら魔力Ωを1個生成する。,ハンデス/【能力】魔力Ω生成/魔力β消費/CIEL
GS-12,【未来を掴む為に】夢の揺籠,Song,青,魔力αを1個生成する。【センター効果】センターのArtistでこのカードを使用した場合に追加で発生する。手札を1枚トラッシュする。その後、山札を1枚引く。,【能力】魔力α生成/手札消費/ドロー
GS-13,【降り注ぐ夢に】セルフィッシュ,Song,青,魔力βを1個生成する。【センター効果】センターのArtistでこのカードを使用した場合に追加で発生する。山札の上から3枚を見て、その中の2枚を選び、手札に加える。残りのカードはトラッシュする。,【能力】魔力β生成/ドロー/山札消費
GS-14,【「⋯⋯バカだね、君は」】やさしくしないで,Song,青,【リンクタグ】「神椿市」サイコロを振り、3以上なら相手の場のDirectionを1枚選び、トラッシュする。【センター効果】センターのArtistでこのカードを使用した場合に追加で発生する。「神椿市」のArtistで使用したなら、山札を1枚引く。,破壊/サイコロ/ドロー/「神椿市」
GS-15,【「私の魂が叫ぶ歌」】オオゴト,Song,黄,【リンクタグ】「神椿市」魔力βを1個生成する。【センター効果】センターのArtistでこのカードを使用した場合に追加で発生する。サイコロを振り、5以上なら、使用したArtistの正面のArtistカードを相手の山札に戻して、よくきる。Artistについているカードはトラッシュする。,【能力】魔力β生成/バウンス/サイコロ/「神椿市」
GS-16,【我ら瓦利斯、６人の合唱曲】革命バーチャルリアリティ,Song,黄,【リンクタグ】「神椿市」手札を1枚トラッシュする。その後、手札が4枚になるまで山札を引く。,ドロー/手札消費/「神椿市」
GS-17,【戻れはしない場所】砂時計,Song,黄,相手のステージのArtistを2枚選び、そのArtistについている装備タイプのMagicを付け替える。ただし、どちらかのArtistは装備タイプのMagicがついていなくても良い。,装備干渉
GS-18,【大げさに香しく】アバウト,Song,黄,山札の上から6枚を見て、装備タイプのMagicを1枚選び、相手に見せて手札に加える。残りのカードは山札に戻してよくきる。【センター効果】センターのArtistでこのカードを使用した場合に追加で発生する。手札を1枚トラッシュする。その後、山札を1枚引く。,Magicサーチ/手札消費/ドロー
GS-19,【Step By Step】超常現象ダンスダンス,Song,黄,山札を上から1枚見て、そのカードを手札に加える。または、そのカードをトラッシュし、山札を1枚引く。【センター効果】センターのArtistでこのカードを使用した場合に追加で発生する。手札を1枚トラッシュする。その後、魔力αを1個生成する。,ドロー/山札消費/【能力】魔力α生成/手札消費
GS-20,【埋まらないピース】ノイズゴト,Song,黄,手札のSongを1枚トラッシュする。その後、相手の魔力βを1個消失する。,魔力β消失/手札消費
GS-21,【ありのままの自分の歌】身空歌,Song,黄,【リンクタグ】「神椿市」魔力βを1個生成する。【センター効果】センターのArtistでこのカードを使用した場合に追加で発生する。サイコロを振り、4以下なら1枚、5以上なら2枚、トラッシュから登場条件がない黄タイプのArtistを選び、ステージにStandby状態で出す。ただし、この効果はステージのArtistが4枚以上のとき使用できない。,【能力】魔力β生成/召喚/色補助【黄】/サイコロ/「神椿市」
GS-22,【「わたしの、歌に……？」】とめどなき白情,Song,白,【リンクタグ】「神椿市」魔力αを1個生成する。【センター効果】センターのArtistでこのカードを使用した場合に追加で発生する。相手のステージのArtistを2枚選び、その場所を入れ替える。,【能力】魔力α生成/移動/「神椿市」
GS-23,【ほらね、見つけた】ARCADIA,Song,白,山札の上から6枚を見て、その中から即時タイプのMagicを1枚選び、相手に見せて手札に加える。残りのカードは山札に戻してよくきる。【センター効果】センターのArtistでこのカードを使用した場合に追加で発生する。相手の魔力βを1個消失する。,Magicサーチ/魔力β消失
GS-24,【それは、宝石なんだ！】ヰ世界の宝石譚,Song,白,山札を2枚引く。【センター効果】センターのArtistでこのカードを使用した場合に追加で発生する。サイコロを振り、1か6なら相手の魔力Ωを1個消失する。,ドロー/魔力Ω消失/サイコロ
GS-25,【独奏舞踊】アライブ,Song,白,このターンに他のSongカードを使用していなければ使用できる。サイコロを2回振り、偶数が出た回数だけ相手のArtistについている装備タイプのMagicカードをトラッシュする。,破壊/サイコロ
GS-26,【命令みたいな愛を謳う】グレートフィルター,Song,白,手札のSongを2枚トラッシュする。その後、相手の魔力βを2個消失する。,魔力β消費/手札消費
GS-27,【夜更けにアンハッピーを】ナイトオウルミュージアム,Song,白,サイコロを振り、4以上なら相手の魔力βを1個消失する。【センター効果】センターのArtistでこのカードを使用した場合に追加で発生する。サイコロを振り、4以上なら相手の魔力αを1個消失する。,魔力β消費/魔力α消費/サイコロ
GS-28,【「わたしの一番好きな星」】シリウスの心臓,Song,白,【リンクタグ】「神椿市」魔力βを1個生成する。【センター効果】センターのArtistでこのカードを使用した場合に追加で発生する。サイコロを振り、偶数ならトラッシュから登場条件がない白タイプのArtistを選び、ステージにStandby状態で出す。奇数なら山札を1枚引く。ただし、この効果はステージのArtistが4枚以上のとき使用できない。,【能力】魔力β生成/召喚/ドロー/色補助【白】/サイコロ/「神椿市」
GS-29,【「『敵』の動きを止める事よ」】Abstractions Void,Song,黒,【リンクタグ】「神椿市」次の相手のターンで正面のArtistはSongカードを使用できない。このカードはこのターンの終わりではトラッシュされず、次の相手のターンの終わりでトラッシュされる。,使用妨害/持続/「神椿市」
GS-30,【試されるあなたの願い】ASH,Song,黒,山札を2枚引く。さらに追加で山札を1枚引いても良い。追加で山札を引いたなら、相手は山札を1枚引く。,ドロー
GS-31,【過去を殺してみたかったんだ】ゲンフウケイ,Song,黒,相手よりも手札の枚数が少ないなら使用できる。手札を好きなだけトラッシュする。その後、相手は同じ枚数だけ手札をトラッシュする。【センター効果】センターのArtistでこのカードを使用した場合に追加で発生する。このカードの効果で手札を3枚以上トラッシュしたなら、VOLを1点獲得する。,手札消費/ハンデス/【能力】VOL獲得
GS-32,【連れ出されるのを待ってる】well,Song,黒,VOLノイズをすべて見て、登場条件がないArtistを1枚選び、ステージにStandby状態で出す。そして、VOLノイズをよくきる。ただし、ステージが空いていない時、このカードは使用できない。,ノイズ干渉/ノイズ除去/召喚
GS-33,【劈く激情】激情インプロビゼーション,Song,黒,このカードが場にある限り、相手は1枚のカードで魔力αを2個以上生成するとき、1個少なくなる。ただし、この効果で1個未満にはならない。このカードはこのターンの終わりではトラッシュされず、次の相手のターンの終わりでトラッシュされる。,魔力α消失/持続
GS-34,【こん！こん！こん！】ヴィクセン,Song,黒,サイコロを3回ふり、4以上が出た回数分山札を引く。,ドロー/サイコロ
GS-35,【「仲間たちを想って創った歌を」】bliss,Song,黒,【リンクタグ】「神椿市」手札を1枚トラッシュする。その後、魔力αを1個生成する。【センター効果】センターのArtistでこのカードを使用した場合に追加で発生する。手札を2枚までトラッシュする。その後、手札をトラッシュした枚数分、サイコロを振り、偶数が出た数だけ魔力αを生成する。,【能力】魔力α生成/手札消費/サイコロ/「神椿市」
GS-36,【「……せーの……」】まほう,Song,赤青,【リンクタグ】「神椿市」魔力αか魔力βを1個生成する。【センター効果】センターのArtistでこのカードを使用した場合に追加で発生する。山札から「神椿市」の装備タイプのMagicを1枚選び、相手に見せて手札に加える。山札をよくきる。,【能力】魔力α生成/【能力】魔力β生成/Magicサーチ/「神椿市」
GS-37,【僕らは前を向く】真偽,Song,全,【リンクタグ】「神椿市」自分のステージの「神椿市」のArtistの数だけサイコロを振り、4以上が出た回数分魔力αを生成する。【センター効果】センターのArtistでこのカードを使用した場合に追加で発生する。VOLを1点獲得する。,【能力】魔力α生成/サイコロ/【能力】VOL獲得/「神椿市」
GS-38,【どうにもうまくいかない】輪廻,Song,全,手札を1枚トラッシュする。トラッシュしたカードの種類によって以下の効果になる。Artistカードなら魔力αを1個生成する。Songカードなら魔力βを1個生成する。Magicカードなら山札を1枚引く。DirectionカードならVOLノイズを1枚引く。,【能力】魔力α生成/【能力】魔力β生成/ドロー/ノイズ除去/ドロー
GS-39,【さっとお暇】未遂,Song,全,サイコロを振り、奇数なら相手の魔力αを1個消失する。【センター効果】センターのArtistでこのカードを使用した場合に追加で発生する。魔力αを1個生成する。,魔力α消失/サイコロ/【能力】魔力α生成
GS-40,【チュウブラリン】永遠メランコリー,Song,全,山札の上から3枚を見て、その中の1枚を選び、手札に加える。残りのカードは好きな順に入れ替えて山札の一番下に戻す。【センター効果】センターのArtistでこのカードを使用した場合に追加で発生する。Artist「CHINO」「MYU」「NEFFY」「RARA」「VITTE」のいずれかで使用したなら、魔力αか魔力βを1個生成する。,ドロー/【能力】魔力α生成/【能力】魔力β生成/CHINO/MYU/NEFFY/RARA/VITTE
GS-41,【見えないアイデンティティ】現世回帰,Song,全,手札を1枚トラッシュする。その後、トラッシュからSongカードを1枚選び、相手に見せて手札に加える。ただし、このカードの効果でトラッシュしたSongは選択できない。【センター効果】センターのArtistでこのカードを使用した場合に追加で発生する。Artist「御莉姫」「佳鏡院」「硝子宮」「氷夏至」「美古途」「夕凪機」のいずれかで使用したなら、VOLを1点獲得する。,手札消費/サルベージ/【能力】VOL獲得/御莉姫/佳鏡院/硝子宮/氷夏至/美古途/夕凪機
HS-1,【敢えて謂うわ愛も夢も】DRESS.,Song,白,サイコロを2回振り、2回の合計が6以下なら、使用したArtistの正面のArtistカードを相手の山札に戻して、よくきる。Artistについているカードはトラッシュする。【センター効果】センターのArtistでこのカードを使用した場合に追加で発生する。Artist「CHINO」で使用したなら、VOLを1点獲得する。,バウンス/サイコロ/【能力】VOL獲得/CHINO
HS-2,【眩しく咲いた希望が】変異体,Song,赤,サイコロを振り、5以下なら1枚、6以下なら3枚、相手は山札をトラッシュする。【センター効果】センターのArtistでこのカードを使用した場合に追加で発生する。Artist「MYU」で使用したなら、VOLを1点獲得する。,Lo/サイコロ/【能力】VOL獲得/MYU
HS-3,【いらっしゃいませ】猫好的ショータイム,Song,黒,山札の上から4枚を見て、1枚を選び手札に加える。残りのカードはトラッシュする。【センター効果】センターのArtistでこのカードを使用した場合に追加で発生する。Artist「NEFFY」で使用したなら、VOLを1点獲得する。,ドロー/山札消費/【能力】VOL獲得/NEFFY
HS-4,【燦々と照らすからね】月輪迷宮,Song,黒,VOLノイズが3枚以上あるなら使用できる。VOLノイズを全て見て、その中の1枚と手札の1枚を入れ替えても良い。そして、VOLノイズをよくきる。【センター効果】センターのArtistでこのカードを使用した場合に追加で発生する。Artist「RARA」で使用したなら、VOLを1点獲得する。,ノイズ干渉/【能力】VOL獲得/NEFFY
HS-5,【ララルラリラ】狂愛レゾナンス,Song,青,サイコロを振り、1か2か4か6なら相手の手札を2枚選びトラッシュする。【センター効果】センターのArtistでこのカードを使用した場合に追加で発生する。Artist「VITTE」で使用したなら、VOLを1点獲得する。,ハンデス/サイコロ/【能力】VOL獲得/VITTE
HS-6,【すべてを注いで】無窮プラトニック,Song,全,自分の山札からVOLノイズを2枚置く。【センター効果】センターのArtistでこのカードを使用した場合に追加で発生する。魔力αを1個か魔力βを2個生成する。,ノイズ自傷/【能力】魔力α生成/【能力】魔力β生成
HS-7,【忘れられないほどの】幻想アンヴェール,Song,全,山札の上から3枚トラッシュする。その中のSongカードの数だけ魔力βを生成する。【センター効果】センターのArtistでこのカードを使用した場合に追加で発生する。自分のステージのArtistArtist「CHINO」「MYU」「NEFFY」「RARA」「VITTE」「VALIS」の数だけサイコロを振り、偶数が出た回数分山札を引く。,【能力】魔力β生成/山札消費/ドロー/CHINO/MYU/NEFFY/RARA/VITTE/VALIS
HS-8,【今夜は盛大なワンシーン】残響ヴァンデラー,Song,全,サイコロを2回振り、2回の合計が10以上なら自分の手札を4枚まで選び、好きな順に並び替えて山札の一番下に戻す。山札に戻した枚数分山札を引く。,ドロー/サイコロ
JS-5,【記憶違いのパラドックス】Ephemeral,Song,赤,相手の場のDirectionを1枚選び、トラッシュする。【センター効果】センターのArtistでこのカードを使用した場合に追加で発生する。魔力αを1個生成する。,破壊/【能力】魔力α生成
JS-9,【いつかきっときみとわたしは】えろいむ,Song,青,お互いの山札からVOLノイズを1枚置く。【センター効果】センターのArtistでこのカードを使用した場合に追加で発生する。山札を1枚引く。,ノイズ付与/ノイズ自傷/ドロー
JS-17,【偽証正解生涯】friction (Remix) feat. 梓川,Song,黄,魔力βを1個生成する。【センター効果】センターのArtistでこのカードを使用した場合に追加で発生する。このカードが場にある限り、相手は青タイプのSongカードのセンター効果が発動しない。このカードはこのターンの終わりではトラッシュされず、次の相手のターンの終わりでトラッシュされる。,【能力】魔力β生成/持続/色メタ【青】
JS-38,【さあ 心 炎 灯せ】此処で咲かせて,Song,青黒,ステージに青タイプのArtistと黒タイプのArtistがいるなら使用できる。トラッシュからArtistとSongの中から3枚まで選び、相手に見せて山札に戻してよくきる。【センター効果】センターのArtistでこのカードを使用した場合に追加で発生する。トラッシュからArtistとSongの中からさらに2枚まで選び、相手に見せて山札に戻してよくきる。,サルベージ
JS-40,【願ってしまった】シネマティック,Song,青白,相手の場のDirectionを1枚選び、トラッシュする。【センター効果】センターのArtistでこのカードを使用した場合に追加で発生する。Artist「佳鏡院」か「氷夏至」で使用したならVOLを1点獲得する。,破壊/【能力】VOL獲得/佳鏡院/氷夏至
prmS-1,【大丈夫】台風の子,Song,黄,魔力βを1個生成する。【センター効果】センターのArtistでこのカードを使用した場合に追加で発生する。Standby状態のArtistカード「春猿火」を1枚選び、Active状態にする。ただし、Songカードを使用したArtistカードは選択できない。,【能力】魔力β生成/Active化/春猿火
prmS-2,【気付かないふり】パーフェクション,Song,黒,サイコロを振り、2以下なら山札を1枚引き、3以上なら出た目の数だけ山札の上から見て、2枚まで選び、手札に加える。その後、残りのカードを好きな順番に入れ替えて山札の一番上に戻す。【センター効果】センターのArtistでこのカードを使用した場合に追加で発生する。魔力αを1個生成する。,ドロー/山上干渉/サイコロ/【能力】魔力α生成
AM-1,ディメンションワープ,Magic,即時,手札をすべてトラッシュし、山札から5枚引く。,ドロー/手札消費/SDV.W.P
AM-2,カウンターフラッシュ,Magic,即時,魔力βを2個消費する。サイコロを振り、相手は3以下なら1点、4以上なら2点VOLを失う。,サイコロ/VOL消失/魔力β消費/SDV.W.P
AM-3,青春のリジェネレート,Magic,即時,魔力αを2個消費する。お互いの手札を山札に戻し、よくきる。その後、お互いに山札から4枚引く。,ドロー/魔力α消費/SDV.W.P
AM-4,革命クライマックス,Magic,即時,魔力Ωが3個あるなら使用できる。VOLを2点獲得する。,【能力】VOL獲得/魔力Ω参照/SDV.W.P
AM-5,ナインティーンレイ,Magic,即時,魔力βを2個消費する。その後、相手の場のDirectionを1枚選び、トラッシュする。,破壊/魔力β消費/SD花譜
AM-6,オレンジトラップ,Magic,即時,魔力βが3個以上あるなら使用できる。相手のセンターのArtistをStandby状態にする。,Standby化/魔力β参照/SD花譜
AM-7,キャンディテイスティング,Magic,即時,魔力αを3個まで消費し、消費した個数分サイコロを振る。偶数が出た数だけVOLを獲得する。,【能力】VOL獲得/魔力α消費/サイコロ/SD理芽
AM-8,ピグマリオンストライク,Magic,即時,魔力βを2個消費する。その後、相手の魔力βを3個消失する。,魔力β消失/魔力β消費/SD理芽
AM-9,デュエル：台風,Magic,即時,魔力βを1個消費する。その後、お互いにサイコロを振り、自分の出た目が相手の目よりも小さい場合は、自分の山札の上から3枚をトラッシュする。自分の出た目が相手の目以上の場合は、相手の山札の上から3枚をトラッシュする。,Lo/魔力β消費/サイコロ/デュエル/SD春猿火
AM-10,リターントゥテラ,Magic,即時,魔力αを2個消費する。その後、トラッシュから登場条件がないArtistカードを1枚選び、Standby状態でステージに出す。ただし、ステージが空いていない時、このカードは使用できない。,召喚/魔力α消費/SD春猿火
AM-11,革命のチャーム,Magic,即時,魔力αを1個消費する。その後、手札が5枚になるように、山札を引く。,ドロー/魔力α消費/SDヰ世界情緒
AM-12,再構成インヴィテーション,Magic,即時,魔力βを1個消費し、手札から2枚選んでトラッシュする。その後、山札からArtistカードを1枚選び、相手に見せて手札に加える。そして山札をよくきる。,Artistサーチ/魔力β消費/手札消費/SDヰ世界情緒
AM-13,ショウ&チューズ,Magic,即時,魔力βが4個以上あるなら使用できる。相手の手札を見て、1枚選び、トラッシュする。,ハンデス/魔力β参照/SD幸祜
AM-14,ネ祜のたわむれ,Magic,即時,相手よりも獲得したVOLが少ないなら使用できる。VOLの差分だけ山札を引く。,ドロー/SD幸祜
BM-1,チクタクコール,Magic,即時,魔力αを2個消費する。その後、山札から異なるタイプの登場条件がないArtistカードを2枚選んで、相手に見せて手札に加える。そして山札をよくきる。,Artistサーチ/魔力α消費
BM-2,超常現象チェンジ,Magic,即時,魔力αが1個以上あるなら使用できる。自分のステージのArtistを2枚選び、場所を入れ替える。,移動/魔力α参照/現象
BM-3,ネクストタイム,Magic,即時,自分の手札をよくきり、山札の一番下に戻す。その後、山札から3枚引く。,ドロー
BM-4,危ノーマルボム,Magic,即時,魔力βが4個以上あるなら使用できる。相手の場のDirectionを1枚選び、トラッシュする。,破壊/魔力β参照
BM-5,命の鼓動,Magic,即時,魔力Ωが2個以上あるなら使用できる。山札から赤タイプのArtistカードと赤タイプのSongカードを1枚ずつ選んで相手に見せて手札に加える。山札をよくきる。,Artistサーチ/Songサーチ/魔力Ω参照/色補助【赤】
BM-6,天命キャットソング,Magic,即時,魔力Ωが1個以上あるなら使用できる。山札から青タイプのSongカードを1枚選び、相手に見せて手札に加える。山札をよくきる。,Songサーチ/魔力Ω参照
BM-7,魔女の本流,Magic,即時,魔力Ωが3個以上あるなら使用できる。手札を3枚トラッシュする。その後、山札から好きなカードを2枚選んで手札に加える。山札をよくきる。,Artistサーチ/Songサーチ/Magicサーチ/Directionサーチ/魔力Ω参照/手札消費
BM-8,フローズンリライズ,Magic,即時,魔力αが3個以上あるなら使用できる。トラッシュから黄タイプと白タイプのArtistを合計3枚まで選んで山札に戻してよくきる。,サルベージ/魔力α参照/色補助【黄】/色補助【白】
BM-9,百花ブルー,Magic,即時,魔力Ωが1個以上あるなら使用できる。相手のステージの青タイプのArtistを1枚選んで山札に戻してよくきる。選んだArtistに付いているカードはトラッシュする。,バウンス/魔力Ω参照/色メタ【青】
BM-10,約束の糸,Magic,即時,魔力αが1個以上あるなら使用できる。山札から白タイプのArtistを1枚選んで手札に加える。山札をよくきる。,Artistサーチ/魔力α参照/色補助【白】
BM-11,カタルシス,Magic,即時,相手のステージに赤タイプのArtistがいるなら使用できる。お互いの手札を山札に戻してよくきる。自分は5枚、相手は2枚山札を引く。,ドロー/色メタ【赤】
BM-12,デュエル：デイライト,Magic,即時,魔力βを1個消費する。その後、お互いにサイコロを振り、自分の出た目が相手よりも小さい場合は、自分の魔力αを2消失する。自分の出た目が相手の目以上の場合は、相手の魔力αを2消失する。,魔力α消失/魔力β消費/サイコロ/デュエル
BM-13,デュエル：ムーンナイト,Magic,即時,魔力αを1個消費する。その後、お互いにサイコロを振り、自分の出た目が相手よりも小さい場合は、自分の魔力βを2消失する。自分の出た目が相手の目以上の場合は、相手の魔力βを2消失する。,魔力β消失/魔力α消費/サイコロ/デュエル
BM-14,ブラックケージ,Magic,即時,魔力Ωが2個以上あり、相手よりも獲得しているVOLが少ないなら使用できる。手札が7枚になるまで山札を引く。,ドロー/魔力Ω参照
BM-15,望みの強さ,Magic,装備,このカードをつけているArtistが、相手のカードの効果でトラッシュされるとき、代わりにこの装備カードをトラッシュする。装備タイプのMagicは、Artist1枚に1枚だけ付けることができる。,耐性
BM-16,新世界のエネルギー,Magic,装備,このカードをつけているArtistでSongカードを使用する際、続けてもう1枚Songカードを使用することができる。装備タイプのMagicは、Artist1枚に1枚だけ付けることができる。,追加歌唱
BM-17,かたちなきかたち,Magic,装備,このカードを付けているArtistで使用するSongカードにより魔力βを生成するとき、サイコロを振り偶数なら、追加で魔力βを1個生成する。装備タイプのMagicは、Artist1枚に1枚だけ付けることができる。,【能力】魔力β生成/サイコロ
BM-18,レッドロジック,Magic,即時,魔力αが4個以上あるなら使用できる。自分のステージの赤タイプのArtistの数だけ山札を引く。,ドロー/魔力α参照/色補助【赤】
BM-19,さながらウィークエンド,Magic,即時,魔力Ωが1個以上あるなら使用できる。Standby状態の青タイプのArtistを1枚選び、Active状態にする。ただし、Songカードを使用したArtistカードは選択できない。,Active化/魔力Ω参照/色補助【青】
BM-20,咲き乱れるフューチャー,Magic,即時,自分のステージにActive状態のArtistカード「春猿火」がいて、魔力αが4個以上あるなら使用できる。トラッシュのsongカードをActive状態のArtistカード「春猿火」に重ね、使用する。ただし、Songカードを使用するための条件は満たす必要がある。,サルベージ
BM-21,再構成レイズ,Magic,即時,魔力αを2個消費し、Standby状態の白タイプのArtistを1枚選び、Active状態にする。ただし、Songカードを使用したArtistカードは選択できない。,Active化/魔力α消費/色補助【白】
BM-22,チュラララメルト,Magic,即時,魔力βを2個消費する。相手の黄タイプのArtistを1枚選び、Standby状態にする。,Standby化/魔力β消費/色補助【黄】
BM-23,オメガハーモニー,Magic,装備,このカードを付けているArtistで使用するSongカードにより魔力Ωを生成するとき、魔力βを1個消費することで、追加で魔力Ωを1個生成する。装備タイプのMagicは、Artist1枚に1枚だけ付けることができる。,【能力】魔力Ω生成/魔力β消費
BM-24,ギルティドロー,Magic,即時,魔力Ωが1個以上あり、前の相手のターンで相手がVOLを獲得していれば使用できる。VOLを1点獲得する。その後、山札を3枚引く。,【能力】VOL獲得/ドロー/魔力Ω参照
DM-1,プランドクライム,Magic,即時,魔力αを1個消費して、手札を1枚トラッシュする。その後、サイコロを振り、偶数なら4枚、奇数なら2枚引く。,ドロー/魔力α消費/手札消費/サイコロ
DM-2,ゲシュタルトコラプス,Magic,即時,魔力βを3個まで消費し、消費した個数分サイコロを振る。奇数が出た数だけ相手の山札からVOLノイズを置く。,VOLノイズ/魔力β消費/サイコロ
DM-3,リターンベル,Magic,即時,魔力αを1個消費する。その後、サイコロを振り、偶数ならVOLノイズを2枚引く。,ノイズ除去/魔力α消費/サイコロ
DM-4,バタフライカタルシス,Magic,即時,魔力βを1個消費する。その後、サイコロを振り、3以下なら1枚、4以上なら2枚、相手の山札の一番上からトラッシュする。,Lo/サイコロ
DM-5,仄暗い過去の遺産,Magic,即時,魔力βが2個以上あるなら使用できる。相手の黒タイプのArtistを1枚選び、Standby状態にする。,Standby化/魔力β参照/色メタ【黒】
DM-6,舟から見える素敵な日々,Magic,即時,自分のステージに赤タイプのArtistと青タイプのArtistがいるなら使用できる。魔力Ωと魔力αを1個ずつ消費する。その後、VOLを2点獲得する。,【能力】VOL獲得/魔力α消費/魔力Ω消費/色補助【赤】/色補助【青】
DM-7,リカバリーポイント,Magic,即時,魔力αが3個以上あるなら使用できる。トラッシュからArtistカード、Songカードをそれぞれ1枚選んで山札に戻してよくきる。,サルベージ/魔力α参照
DM-8,魔女の同盟,Magic,即時,自分の手札の枚数が相手の手札の枚数よりも少なく、自分のステージにArtist「V.W.P」がいるなら使用できる。魔力αを1個消費する。その後、自分の手札の枚数が相手の手札の枚数と同じになるように、山札を引く。,ドロー/魔力α消費/V.W.P
DM-9,アンストッパブルディガー,Magic,即時,魔力αが1個以上あるなら後攻1ターン目のみ使用できる。自分のステージのArtistを1枚選び、Active状態にする。,Active化/魔力α消費
DM-10,命の輪廻,Magic,即時,相手のステージが空いていない時、このカードは使用できない。魔力αを2個消費する。その後、相手はセンターのArtistを空いている場所に移動する。そして、このカードの使用者が相手のトラッシュからArtistカードを1枚選び、Standby状態で相手のセンターに出す。,移動/魔力α消費
DM-11,インナアチャイルドカオス,Magic,即時,自分のステージに青タイプのArtistがいるなら使用できる。魔力βを1個消費する。その後、相手の手札を見て、Magicカードを1枚選び、山札の下に戻す。,ハンデス/魔力β消費/色補助【青】
DM-12,仮想的なサーカス,Magic,即時,魔力αが2個以上あるなら使用できる。サイコロを振り、奇数なら登場条件がない黄タイプのArtistを、偶数なら登場条件がある黄タイプのArtistを山札から1枚選び、相手に見せて手札に加え、山札をよくきる。,Artistサーチ/魔力α参照/サイコロ/色補助【黄】
DM-13,進んでいくセカイの時間,Magic,即時,自分のステージに白タイプのArtistがいるなら使用できる。魔力αを2個消費する。その後、自分のステージのArtistを2枚選び、場所を入れ替え、山札を2枚引く。,移動/ドロー/魔力α消費/色補助【白】
DM-14,不条理のレシピエント,Magic,即時,魔力αを2個消費する。その後、山札の上から7枚見て、その中の黒タイプのArtistカードと黒タイプのSongカードを好きなだけ選び、相手に見せて手札に加える。残りのカードは山札に戻してよくきる。,Artistサーチ/Songサーチ/魔力α消費/色補助【黒】
DM-15,デュエル：シー,Magic,即時,魔力βを1個消費する。その後、お互いにサイコロを振り、自分の出た目が相手の目よりも小さい場合は、自分の場のDirectionを1枚選び、トラッシュする。自分の出た目が相手の目以上の場合は、相手は自身の場のDirectionを1枚選び、トラッシュする。,破壊/魔力β消費/デュエル
DM-16,デュエル：スカイ,Magic,即時,魔力αを1個消費する。その後、お互いにサイコロを振り、自分の出た目が相手の目よりも小さい場合、相手は山札を2枚引く。自分の出た目が相手の目以上の場合、山札を2枚引く。,ドロー/魔力α消費/デュエル
DM-17,2人の洗礼,Magic,即時,魔力αが3個以上あるなら使用できる。山札の上から5枚を見て、その中から2色のタイプを持つSongカードを1枚選び相手に見せて手札に加える。残りのカードは山札に戻してよくきる。,Songサーチ/魔力α参照
DM-18,強気の導火線,Magic,装備,このカードを付けているArtistが、お互いのArtistの特殊能力またはSongの効果で位置を移動すると魔力βを1個生成する。装備タイプのMagicは、Artist1枚に1枚だけ付けることができる。,【能力】魔力β生成
DM-19,ネモくんの庇護,Magic,装備,このカードを付けているArtistは相手のArtistの特殊能力の効果を受けない。装備タイプのMagicは、Artist1枚に1枚だけ付けることができる。,耐性
DM-20,オメガ・セレモニー,Magic,即時,魔力Ωを1個消費し、山札の上から7枚見る。その中からArtist，Song，Magicを1枚ずつ選び相手に見せて手札に加える。残りは山札に戻してよくきる。,魔力Ω消費/Artistサーチ/Songサーチ/Magicサーチ
DM-21,少年漫画への願い,Magic,即時,自分の最初のターンにだけ使用できる。魔力αを1個消費する。その後、手札をすべてトラッシュして、山札を7枚引く。,ドロー/魔力α消費/手札消費
DM-22,ガンショット,Magic,即時,魔力αを2個消費する。その後、お互いの手札を山札に戻してよくきり、それぞれ山札を2枚引く。獲得したVOLが相手より2点以上少ないなら、自分が引く枚数は6枚になる。,ドロー/魔力α消費
DM-23,八咫烏の印,Magic,装備,魔力αが2個以上あるなら使用できる。このカードを付けているArtistをStandby状態にする。その後、自分の手札が3枚になるまで山札を引く。装備タイプのMagicは、Artist1枚に1枚だけ付けることができる。,ドロー
DM-24,パンドラワールド,Magic,装備,このカードを付けているArtistが、相手のカードの効果でStandby状態になるとき、魔力αが2個以上あるなら、代わりにこの装備カードをトラッシュする。装備タイプのMagicは、Artist1枚に1枚だけ付けることができる。,耐性/魔力α参照
EM-1,復興祭の絵,Magic,即時,自分のステージのArtistを1枚選びStandby状態にする。その後、山札の上から3枚見て、1枚を選び手札に加える。残りのカードは山札に戻してよくきる。,ドロー
EM-2,僕が何か読んであげよう,Magic,即時,魔力βを2個消費する。その後、お互いの手札を公開して、自分の手札にあるカードと同じカードを相手の手札から1枚選びトラッシュする。,ハンデス/魔力β消費
EM-3,「魔女」の使命,Magic,即時,魔力βが4個以上あるなら使用できる。相手のArtistについている装備タイプのMagicカードを全てトラッシュする。,破壊/魔力β参照
EM-4,リペアコード,Magic,即時,魔力βを3個消費する。その後、トラッシュからSongカードを2枚まで選び、相手に見せて手札に加える。,サルベージ/魔力β消費
EM-5,はいどら,Magic,即時,魔力αが4個以上あるなら使用できる。サイコロを振り、4以上なら相手の手札を見て、1枚選びトラッシュする。,ハンデス/サイコロ/魔力α参照
EM-6,リメの似顔絵,Magic,装備,魔力αが1個以上あるなら使用できる。このカードを付けているArtistをStandby状態にする。その後、山札の上から5枚を見て、青タイプのArtistを1枚選び、相手に見せて手札に加える。残りのカードはよくきり、山札の一番下に戻す。装備タイプのMagicは、Artist1枚に1枚だけ付けることができる。,Artistサーチ/魔力α参照/色補助【青】
EM-7,リリカルウィーブ,Magic,装備,相手のターンに相手が即時タイプのMagicカードの使用を宣言したときに使用できる。魔力βを1個消費し、このカードが付いているArtistをStandby状態にする。その後、相手が宣言したMagicカードの効果を発動せずにトラッシュし、このカードをトラッシュする。装備タイプのMagicは、Artist1枚に1枚だけ付けることができる。,使用妨害/魔力β消費
FM-1,少女の愛の跡,Magic,即時,魔力βを2個消費する。その後、トラッシュの赤タイプのSongカードを1枚手札に加える。,サルベージ/魔力β消費
FM-2,光を追いかけて,Magic,即時,魔力αが2個以上あるなら使用できる。手札をよくきり、山札の下に戻して、1枚引く。,ドロー/魔力α参照
FM-3,革命の非合理,Magic,即時,手札が4枚以上あるなら使用できる。魔力βを1個消費し、手札を3枚選び山札に戻してよくきる。その後、山札を2枚引く。,ドロー/魔力β消費
FM-4,フィルインオール,Magic,即時,魔力βを3個まで消費し、消費した個数分サイコロを振る。相手の手札を見ずに偶数が出た分だけ相手の手札を選びトラッシュする。,ハンデス/サイコロ/魔力β消費
GM-1,エリカの調査,Magic,即時,【リンクタグ】「神椿市」魔力αが2個以上あるなら使用できる。山札の上から7枚見て、「神椿市」のArtistカードかSongカードを1枚選び、相手に見せて手札に加える。残りのカードは山札に戻してよくきる。,Artistサーチ/Songサーチ/Magicサーチ/Directionサーチ/魔力α参照/「神椿市」
GM-2,復興課長の招待,Magic,即時,【リンクタグ】「神椿市」魔力αを1個消費し、手札を1枚トラッシュする。その後、登場条件がない「神椿市」のArtistを山札から1枚選び、相手に見せて手札に加える。そして、山札をよくきる。,Artistサーチ/魔力α消費/手札消費/「神椿市」
GM-3,テラリウム,Magic,即時,【リンクタグ】「神椿市」魔力βが2個以上あるなら使用できる。手札を1枚トラッシュする。その後、自分のトラッシュから「神椿市」のArtistカードとSongカードの中から合計2枚まで選び、相手に見せて、手札に加える。ただし、このカードの効果でトラッシュしたカードは選べない。,サルベージ/魔力β参照/手札消費/「神椿市」
GM-4,詩得の転移窓,Magic,即時,【リンクタグ】「神椿市」魔力αが1個以上あり、トラッシュに「神椿市」のカードが7枚以上あるなら使用できる。自分のステージのArtistを1枚選び、手札に戻す。Artistについているカードはトラッシュする。,バウンス/魔力α参照/「神椿市」
GM-5,でかるとの飛翔体,Magic,即時,【リンクタグ】「神椿市」魔力βを1個消費する。その後、相手のセンターのArtistをStandby状態にする。,Standby化/魔力β消費/「神椿市」
GM-6,さいれんの襲来,Magic,即時,【リンクタグ】「神椿市」魔力βを2個消費する。その後、相手のStandby状態のArtistを1枚選んで山札に戻してよくきる。選んだArtistについているカードはトラッシュする。,バウンス/魔力β消費/「神椿市」
GM-7,きまいらの恐怖,Magic,即時,【リンクタグ】「神椿市」魔力βが4個以上あるなら使用できる。相手の場のDirectionを1枚選び、トラッシュする。,破壊/魔力β参照/「神椿市」
GM-8,闇色メーデー,Magic,即時,相手のステージに黒タイプのArtistがいるなら使用できる。魔力βを1個消費する。その後、相手のステージのActive状態のArtistを2枚選び、Standby状態にする。,Standby化/魔力β消費/色メタ【黒】
GM-9,スーパーノヴァ,Magic,即時,相手のステージに白タイプのArtistがいるなら使用できる。魔力βを1個消費する。その後、相手の手札を見て、Songカードを1枚選び、トラッシュする。,ハンデス/魔力β消費/色メタ【白】
GM-10,目覚めを待つ,Magic,即時,相手のステージに青タイプのArtistがいて、魔力αが2個以上あるなら使用できる。トラッシュから登場条件が無いArtistカードを1枚選び、Standby状態でステージに出す。ただし、ステージが空いていない時、このカードは使用できない。,召喚/魔力α参照/色メタ【青】
GM-11,世界を探すドレス,Magic,即時,相手のステージに赤タイプのArtistがいるなら使用できる。魔力αを1個消費する。その後、サイコロを振り、3以下なら魔力βを1個生成する。4以上なら魔力βを2個生成する。,【能力】魔力β生成/魔力α消費/色メタ【赤】/サイコロ
GM-12,猫好的クロージング,Magic,即時,相手より獲得したVOLが少なく、相手のステージに黄タイプのArtistがいるなら使用できる。魔力βを1個消費する。その後、獲得したVOLの差分だけ相手の山札をトラッシュする。,Lo/魔力β消費/色メタ【黄】
GM-13,反逆のらぷらす,Magic,装備,【リンクタグ】「神椿市」「神椿市」のArtistのみ付けることができる。このカードをつけているArtistで使用したSongカードの効果で魔力αを生成する際、サイコロを振り、偶数なら追加で魔力αを1個生成する。,【能力】魔力α生成/サイコロ/「神椿市」
GM-14,破壊のはすたー,Magic,装備,【リンクタグ】「神椿市」「神椿市」のArtistのみ付けることができる。このカードをつけているArtistをStandby状態にし、魔力βを2個消費する。その後、相手の魔力Ωを1個消失する。,魔力Ω消失/魔力β消費/「神椿市」
GM-15,闘争のあぐに,Magic,装備,【リンクタグ】「神椿市」「神椿市」のArtistのみ付けることができる。このカードを付けているArtistが、お互いのArtistの特殊能力またはSongの効果で位置を移動すると魔力αを1個生成する。装備タイプのMagicは、Artist1枚に1枚だけ付けることができる。,【能力】魔力α生成/「神椿市」
GM-16,生存のあねもす,Magic,装備,【リンクタグ】「神椿市」「神椿市」のArtistのみ付けることができる。相手のターンに相手が2色のタイプを持つSongカードを使用したあとに使用できる。魔力βを1個消費し、このカードが付いているArtistをStandby状態にする。その後、サイコロを振り、偶数なら2色のタイプを持つSongカードを使用したArtistをトラッシュする。Artistについているカードもトラッシュする。装備タイプのMagicは、Artist1枚に1枚だけ付けることができる。,破壊/魔力β消費/サイコロ/「神椿市」
GM-17,殺戮のくーげる,Magic,装備,【リンクタグ】「神椿市」「神椿市」のArtistのみ付けることができる。魔力βを2個消費し、このカードが付いているArtistをStandby状態にする。その後、相手のステージのSongカードが付いているArtistをトラッシュする。Artistについているカードもトラッシュする。装備タイプのMagicは、Artist1枚に1枚だけ付けることができる。,破壊/魔力β消費/「神椿市」
GM-18,飛翔の花,Magic,装備,相手のターンに相手が山札を引く効果を含むMagicカードの使用を宣言したときに使用できる。魔力βを1個消費し、このカードが付いているArtistをStandby状態にする。その後、相手が宣言したMagicカードの効果のうち相手が山札を引く効果のみを無効にする。装備タイプのMagicは、Artist1枚に1枚だけ付けることができる。,使用妨害/魔力β消費
GM-19,電脳の翼,Magic,装備,このカードを付けているArtistでSongカードを使用したあと、山札を1枚引く。装備タイプのMagicは、Artist1枚に1枚だけ付けることができる。,ドロー
GM-20,盟約の糸,Magic,即時,【リンクタグ】「神椿市」魔力αが1個以上あるなら使用できる。山札からカード名に「らぷらす」「はすたー」「あぐに」「あねもす」「くーげる」がつくカードを1枚選び、相手に見せて手札に加える。そして、山札をよくきる。,Magicサーチ/魔力α参照/「神椿市」
GM-21,ブラックアウト,Magic,即時,【リンクタグ】「神椿市」魔力Ωの数だけサイコロを振り、偶数が出た回数だけ相手の場のDirectionを選び、トラッシュする。その後、ターンを終了する。,破壊/魔力Ω参照/サイコロ/「神椿市」/「神椿市」
GM-22,暖め合おうじゃないか,Magic,即時,相手のステージにArtist「花譜」「理芽」「春猿火」「ヰ世界情緒」「幸祜」のいずれかがいるなら使用できる。魔力βを1個消費し、トラッシュから登場条件が無い黄タイプのArtistカードを1枚選び、Standby状態でステージに出す。ただし、ステージが空いていない時、このカードは使用できない。,召喚/魔力β消費/色補助【黄】
GM-23,銃化,Magic,装備,【リンクタグ】「神椿市」魔力αが3個以上あるなら使用できる。このカードを付けているArtistをStandby状態にする。その後、自分の手札が2枚になるまで山札を引く。このカードを付けているArtistが「神椿市」のカードなら4枚になるまで山札を引く。装備タイプのMagicは、Artist1枚に1枚だけ付けることができる。,ドロー/魔力α参照/「神椿市」
GM-24,ハリボテの両の腕,Magic,装備,魔力βが3個以上あるなら使用できる。このカードを付けているArtistをStandby状態にする。その後、相手は相手の手札が4枚になるまで手札をトラッシュする。装備タイプのMagicは、Artist1枚に1枚だけ付けることができる。,ハンデス/魔力β参照
HM-1,フローズンサーベル,Magic,装備,前の相手のターンで相手がVOLを獲得していれば使用できる。魔力βを2個消費し、このカードが付いているArtistをStandby状態にする。相手のVOLを1点消失する。装備タイプのMagicは、Artist1枚に1枚だけ付けることができる。,VOL消失/魔力β消費
HM-2,熱愛の洗脳,Magic,即時,相手のステージに黒タイプのArtistがいるなら使用できる。魔力αを2個消費する。その後、自分のステージのStandby状態のArtistを2枚まで選び、Active状態にする。ただし、Songカードを使用したArtistは選択できない。,Active化/魔力α消費/色メタ【黒】
HM-3,リコンストラクション,Magic,即時,魔力βを2個消費する。その後、相手のステージのArtistについているSongカードを1枚選びトラッシュする。,破壊/魔力β消費
HM-4,偶像の蝶,Magic,即時,魔力αを1個消費する。その後、サイコロを振り、3以下なら1枚、4以上なら2枚、山札を引く。,ドロー/魔力α消費/サイコロ
HM-5,ナイトメアマスク,Magic,装備,このカードを付けているArtistが、相手のカードの効果でStandby状態にされたとき、魔力βが5個あるなら、このカードをつけているArtistをActive状態にする。装備タイプのMagicは、Artist1枚に1枚だけ付けることができる。,Active化/魔力β参照
JM-13,デュエル：ユニバース,Magic,即時,魔力βを1個消費する。その後、お互いにサイコロを振り、自分の出た目が相手の目よりも小さい場合は、自分の山札の上からVOLノイズを2枚置く。自分の出た目が相手の目以上の場合は、相手の山札の上からVOLノイズを2枚置く。,VOLノイズ/ノイズ自傷/魔力β消費/サイコロ/デュエル
JM-19,参番街の濃霧,Magic,装備,魔力βが2個以上あり、トラッシュに「神椿市」のカードが4枚以上あるなら使用できる。このカードを付けているArtistでSongを使用して魔力αを1個以上生成したとき、相手の山札を1枚トラッシュする。装備タイプのMagicは、Artist1枚に1枚だけ付けることができる。,Lo/魔力β参照/「神椿市」
JM-21,景色のアイス,Magic,即時,山札の上から2枚を見て、1枚を手札に加える。残りのカードはVOLノイズに置く。その後、VOLノイズをよくきる。,ドロー/ノイズ自傷
exM-1,KAMITSUBAKI FES'24 type-R,Magic,即時,いずれかの魔力を合計3消費する。その後、山札からArtistカードを1枚選び、相手に見せて手札に加える。そして山札をよくきる。,Artistサーチ
exM-2,Re：現象,Magic,即時,魔力αを2個消費する。その後、トラッシュからカード名に「現象」がつくカードを1枚選び手札に加える。,サルベージ/魔力α消費/現象
exM-3,暇を持て余した花譜理芽のおあそび,Magic,即時,魔力βを1個消費し、サイコロを振り、出た目を確認する。その後、相手から順に最初のサイコロの目と異なる目が出るまでサイコロを振る。最初のサイコロの目と異なる目を出したプレイヤーは山札を3枚トラッシュする。,Lo/魔力β消費/サイコロ
exM-4,XPERIENCE-1,Magic,即時,魔力αを2個消費する。その後、山札からSongカードを1枚選び、相手に見せて手札に加える。そして、山札をよくきる。,Songサーチ/魔力α消費
exM-5,XPERIENCE-2,Magic,即時,魔力βを2個消費する。その後、山札から装備タイプのMagicカードを1枚選び、相手に見せて手札に加える。そして、山札をよくきる。,Magicサーチ/魔力β消費
prmM-1,新世界のエネルギー,Magic,装備,このカードをつけているArtistでSongカードを使用する際、続けてもう1枚Songカードを使用することができる。装備タイプのMagicは、Artist1枚に1枚だけ付けることができる。,追加歌唱
AD-1,トイファウンダー,Direction,設置,自分のターンに1回使用できる。魔力αを1個消費する。その後、サイコロを振り、偶数ならVOLを1点獲得する。,【能力】VOL獲得/魔力α消費/サイコロ/SDV.W.P
AD-2,ステージテレパシー,Direction,設置,魔力αが3個以上あるなら、自分のターンに1回使用できる。手札を2枚トラッシュする。その後、VOLを1点獲得する。,【能力】VOL獲得/魔力α参照/手札消費/SDV.W.P
AD-3,箱庭の蝶,Direction,設置,魔力αが2個以上あるなら自分のターンに1回使用できる。手札を1枚トラッシュする。その後、山札から2枚引く。,ドロー/魔力α参照/手札消費/SDV.W.P
BD-1,ナンバーファイブ,Direction,設置,魔力αが4個以上あるならこの効果のカードは常に発動する。他のカードの効果でサイコロを振るとき、5ならVOLを1点獲得する。,【能力】VOL獲得/魔力α参照
BD-2,メドレータイム,Direction,設置,自分のターンで4枚のSongカードを使用するとVOLを1点獲得する。,【能力】VOL獲得
BD-3,ナイトメアステージ,Direction,設置,自分のターンに1回使える。サイコロを振り、1なら魔力βを3個生成し、このカードをトラッシュする。,【能力】魔力β生成/サイコロ
BD-4,暮れなずむ約束の地,Direction,設置,自分のターンに1回使える。サイコロを振り、2なら手札が8枚になるまで山札を引き、このカードをトラッシュする。,ドロー/サイコロ
BD-5,秘密の歌声,Direction,設置,自分のターンに1回使える。サイコロを振り、3なら自分の山札から5枚トラッシュする。その中のSongカードをすべて手札に加え、このカードをトラッシュする。,Songサーチ/山札消費/サイコロ
BD-6,熱愛サモン,Direction,設置,自分のターンに1回使える。サイコロを振り、4なら山札からArtistを1枚選び、相手に見せて手札に加え、このカードをトラッシュする。山札をよくきる。,Artistサーチ/サイコロ
BD-7,シックスロマネスク,Direction,設置,自分のターンに1回使える。サイコロを振り、6ならVOLを2点獲得し、このカードをトラッシュする。,【能力】VOL獲得/サイコロ
BD-8,フラワーオブケージ,Direction,設置,魔力αが3個以上あるなら、自分の番に1回使用できる。手札が5枚になるまで山札を引く。,ドロー/魔力α参照
BD-9,言霊の魔力,Direction,設置,魔力Ωが3個以上あるなら、相手のターンで最初のMagicカードを使う時に発動する。Magicカードを使用する前に、相手はサイコロを振り、3以下ならMagicカードは効果を発動せず、トラッシュされる。,使用妨害/魔力Ω参照
BD-10,電脳の防壁,Direction,設置,魔力αが4個以上あるなら、このカード以外の自分の場のDirectionカードは相手のMagicカードの効果によるトラッシュする効果を受けない。,耐性/魔力α参照
BD-11,どこまでも飛べる,Direction,設置,相手はカードの効果で自分のArtistの位置を変更できない。,耐性
BD-12,D・スパイラル,Direction,設置,自分のターンに1回使用できる。魔力βが5個以上あるなら使用できる。サイコロを振り、5以上なら相手の場のDirectionを1枚選び、トラッシュする。,破壊/サイコロ/魔力β参照
BD-13,星月夜の館,Direction,設置,魔力αが2個以上あるなら、自分のターンに1回使用出来る。山札の上から5枚を見て、Artistカードを1枚選び、相手に見せて手札に加える。残りのカードは山札に戻してよくきる。,Artistサーチ/魔力α参照
BD-14,魔女の舞台,Direction,設置,魔力αが2個以上あるなら、自分のターンに1回使用出来る。山札の上から5枚を見て、Songカードを1枚選び、相手に見せて手札に加える。残りのカードは山札に戻してよくきる。,Songサーチ/魔力α参照
BD-15,ドラマみたいな空想,Direction,設置,魔力αが2個以上あるなら、自分のターンに1回使用できる。山札の上から5枚を見て、即時タイプのMagicを1枚選び、相手に見せて手札に加える。残りのカードは山札に戻してよくきる。,Magicサーチ/魔力α参照
DD-1,彷徨いの花畑,Direction,設置,このカードが場にあるときに相手がSongカードで山札を引く効果を使用した場合、次の自分のターンの最初に追加で1枚山札を引く。,ドロー
DD-2,チクタクラッキー,Direction,設置,自分のターンに1回使える。サイコロを振り、偶数なら山札を1枚引く。,ドロー/サイコロ
DD-3,期待する未来の栄光,Direction,設置,魔力αが2個以上あるなら、自分のターンに1回使用できる。山札の上から5枚を見て、装備タイプのMagicを1枚選び、相手に見せて手札に加える。残りのカードは山札に戻してよくきる。,Magicサーチ/魔力α参照
DD-4,未来開花,Direction,設置,魔力αが4個以上あるなら自分のターンに1回使用できる。手札を1枚トラッシュする。その後、VOLノイズを1枚引く。,ノイズ除去/魔力α参照/手札消費
DD-5,空より願い事を,Direction,設置,魔力Ωが2個以上あるなら、自分のターンに1回使用できる。手札を2枚トラッシュし、山札から登場条件がないArtistを1枚選び、相手に見せて手札に加える。そして、山札をよくきる。,Artistサーチ/魔力Ω参照/手札消費
DD-6,ギルティアンロック,Direction,設置,魔力βが3個以上あるなら、自分のターンに1回使用できる。サイコロを振り、5以上なら相手のArtistについている装備タイプのMagicカードを1枚選び、トラッシュする。,破壊/サイコロ/魔力β参照
DD-7,アイロニーモンスター,Direction,設置,魔力βが4個以上あるなら、相手は1ターンで使用できるSongカードの枚数が3枚までになる。,使用妨害/魔力β参照
DD-8,幸福修正局,Direction,設置,魔力βが5個あるなら、相手のSongカードの効果によるVOLノイズを置く効果を受けない。,耐性/魔力β参照
DD-9,新しい血を育むその前に,Direction,設置,魔力Ωが3個以上あるなら、自分のターンに1回使用できる。サイコロを振り、奇数なら相手の魔力Ωを1個消失する。,魔力Ω消失/魔力Ω参照
DD-10,幽の青花,Direction,設置,自分のターンに1回使用できる。魔力αを1個消費する。その後、サイコロを振り、偶数ならトラッシュから3枚までArtistカードを選んで、山札に戻してよくきる。,サルベージ/魔力α消費
DD-11,楽園の朝日,Direction,設置,自分のターンに1回使用できる。魔力αを2個消費する。トラッシュから1枚Songカードを選んで、山札に戻してよくきる。,サルベージ/魔力α消費
DD-12,妄想側への招待,Direction,設置,自分のターンに1回使用できる。魔力αを2個消費する。その後、サイコロを振り、4以上ならArtist「CHINO」「MYU」「NEFFY」「RARA」「VITTE」のいずれかを山札から1枚選び、ステージにStandby状態で出す。そして、山札をよくきる。ただし、ステージが開いていない時、このカードの効果は使用できない。,召喚/魔力α消費
DD-13,レジストデスティニー,Direction,設置,自分のターンに1回使用できる。魔力βを1個消費する。その後、相手の山札の一番上をトラッシュする。,Lo/魔力β消費
DD-14,眠りに誘う声,Direction,設置,自分のターンに1回使用できる。魔力βを1個消費する。その後、サイコロを振り、4以上なら相手の山札からVOLノイズを1枚置く。,VOLノイズ/魔力β消費/サイコロ
DD-15,ギブミーアライフ,Direction,設置,自分のターンに1回使用できる。魔力βを2個消費する。その後、サイコロを振り、4以上なら相手のステージのArtistを1枚選び、相手の手札に戻す。そのArtistについているカードはすべてトラッシュする。,バウンス/魔力β消費/サイコロ
ED-1,第七地区,Direction,設置,魔力αが3個以上あるなら自分のターンに1回使用できる。山札の上から5枚を見て、Magicを1枚選び相手に見せて手札に加える。残りのカードはよくきって山札の一番下に戻す。,Magicサーチ/魔力α参照
ED-2,セントラル・仮設司令室,Direction,設置,お互いのSongの効果によって自分の山札をトラッシュしたとき、トラッシュされたカードがArtistならトラッシュから手札に加える。,サルベージ
ED-3,安瀬香第一高校旧校舎・4階教室,Direction,設置,自分のターンに1回使用できる。魔力βを1個消費する。その後、VOLノイズを1枚引く。,ノイズ除去/魔力α消費
FD-1,シークレットディスコ,Direction,設置,魔力βが3個以上あるなら自分のターンに1回使用できる。山札を1枚引く。,ドロー/魔力β参照
FD-2,シャイニーステージ,Direction,設置,魔力Ωが2個以上あるなら自分のターンに1回使用できる。相手の山札を1枚トラッシュする。,Lo/魔力Ω参照
FD-3,妄想気味な日々,Direction,設置,自分のターンに1回使用できる。サイコロを振り、5以上なら山札から青タイプのArtistを1枚選び、相手に見せて手札に加え、山札をよくきり、このカードをトラッシュする。,Artistサーチ/サイコロ/色補助【青】
FD-4,無く泣く無く慰めて,Direction,設置,魔力Ωが2個以上あるなら自分のターンに1回使用できる。サイコロを振り、6なら魔力Ωを1個生成する。,【能力】魔力Ω生成/サイコロ/魔力Ω参照
GD-1,零番街・中心部,Direction,設置,【リンクタグ】「神椿市」相手のカードの効果で手札から「神椿市」のカードがトラッシュされたとき、魔力αを1個生成する。,【能力】魔力α生成/「神椿市」
GD-2,壱番街・湾岸道路,Direction,設置,【リンクタグ】「神椿市」自分のターンに1回使用できる。手札を2枚トラッシュする。その後、トラッシュから「神椿市」のSongカードを相手に見せて手札に加える。ただし、このカードの効果でトラッシュしたSongは選択できない。,サルベージ/手札消費/「神椿市」
GD-3,弐番街・表通り,Direction,設置,【リンクタグ】「神椿市」魔力αが4個以上あるなら自分のターンに1回使用できる。トラッシュから「神椿市」のArtistカードを1枚選びStandby状態で出す。ただし、ステージが空いていない時、このカードの効果は使用できない。,召喚/魔力α参照/「神椿市」
GD-4,参番街・教会前,Direction,設置,【リンクタグ】「神椿市」相手のターンに1回使用できる。相手が即時タイプのMagicカードの使用を宣言したときに魔力βを1個消費することができる。魔力βを消費したならサイコロを振り、4以上なら相手が宣言したMagicカードの効果を発動せずにトラッシュする。,使用妨害/魔力β消費/サイコロ/「神椿市」
GD-5,肆番街・中心部,Direction,設置,【リンクタグ】「神椿市」自分のターンに1回使用できる。手札から「神椿市」のSongカードを2枚までトラッシュする。その後、トラッシュした枚数分魔力αを生成する。,【能力】魔力α生成/手札消費/「神椿市」
GD-6,神椿市復興課,Direction,設置,【リンクタグ】「神椿市」自分のターンに1回使用できる。山札の上から3枚を見て、「神椿市」のカードを1枚選び、相手に見せて手札に加える。残りのカードは山札に戻してよくきる。,Artistサーチ/Songサーチ/Magicサーチ/Directionサーチ/「神椿市」
GD-7,瓦利斯飯店,Direction,設置,【リンクタグ】「神椿市」自分のターンに1回使用できる。手札の枚数が、自分のステージの「神椿市」のArtistの数になるまで山札をひく。,ドロー/「神椿市」
GD-8,カンナギライブ,Direction,設置,【リンクタグ】「神椿市」トラッシュに「神椿市」のカードが7枚以上あるなら自分のターンに1回使用できる。手札から「神椿市」のSongカードを1枚トラッシュする。その後、山札を1枚引き、VOLを1点獲得する。,【能力】VOL獲得/ドロー/「神椿市」
GD-9,パンドラ,Direction,設置,【リンクタグ】「神椿市」魔力βが3個以上あるなら自分のターンに1回使用できる。サイコロを振り、4以上なら自分のステージのStandby状態のArtistを1枚選び、Active状態にする。ただし、Songカードを使用したArtistは選択できない。,Active化/魔力β参照/サイコロ/「神椿市」
GD-10,観測室,Direction,設置,【リンクタグ】「神椿市」トラッシュに「神椿市」のカードが4枚以上あるなら、自分のターンに1回使用できる。山札の上から7枚を見て、「神椿市」のArtistカードを1枚選び、相手に見せて手札に加える。残りのカードは山札に戻してよくきる。,Artistサーチ/Songサーチ/Magicサーチ/Directionサーチ/「神椿市」
GD-11,夕暮れに溶けない傘を,Direction,設置,自分のターンに1回使える。サイコロを振り、1か2なら魔力βを2個生成し、このカードをトラッシュする。,【能力】魔力β生成/サイコロ
GD-12,新世界の道標,Direction,設置,自分のターンに1回使える。サイコロを振り、3か4なら手札が6枚になるまで山札を引き、このカードをトラッシュする。,ドロー/サイコロ
GD-13,月夜の花,Direction,設置,自分のターンに1回使える。サイコロを振り、5か6なら相手の山札を5枚トラッシュし、このカードをトラッシュする。,Lo/サイコロ
GD-14,レッドトイファウンダー,Direction,設置,自分のターンに1回使用できる。魔力αを1個消費する。その後、サイコロを振り、2以下ならVOLを2点獲得する。3か4なら山札を1枚引く。5以上なら山札を1枚トラッシュする。,【能力】VOL獲得/ドロー/山札消費/魔力α消費/サイコロ
GD-15,イセリアルステージ,Direction,設置,魔力βが2個以上あるなら、自分のターンに1回使用できる。手札からArtistカードを2枚トラッシュする。その後、魔力αを1個生成する。,【能力】魔力α生成/魔力β参照/手札消費
HD-1,ハッピーキャットデイ,Direction,設置,自分の1ターンでサイコロを振り、2が3かいでると、VOLを1点獲得する。,【能力】VOL獲得
HD-2,セレブレーションパーティ,Direction,設置,魔力αが3個以上あるなら自分のターンに1回使用できる。サイコロを振り、5以下ならStandby状態のArtist「VALIS」を1枚選び、Active状態にする。,Active化/サイコロ/VALIS
HD-3, Intelligence By Aces,Direction,設置,自分のターン終了時、魔力αが3個以上あるなら、手札がステージのArtist「CHINO」「MYU」「NEFFY」「RARA」「VITTE」「VALIS」の数になるまで山札を引く。,ドロー/魔力α参照
JD-1,刺さる花言葉,Direction,設置,魔力βが4個以上あるなら自分のターンに1回使用できる。魔力βを1個消費する。その後、お互いの山札からVOLノイズを1枚置く。,VOLノイズ/ノイズ自傷/魔力β参照/魔力β消費
exD-1,KAMITSUBAKI FES'24 type-S,Direction,設置,自分の番に1回使用できる。手札が3枚になるまで山札を引く。,ドロー
exD-2, IMAGINARY BASE AKIHABARA,Direction,設置,自分のターンに1回使用できる。山札の一番上をトラッシュする。トラッシュしたカードがArtist「CHINO」「MYU」「NEFFY」「RARA」「VITTE」なら手札に加える。,ドロー/山札消費
exD-3,ヲモヒノカタチ,Direction,設置,自分のターン終了時、魔力αが3個以上あるなら、手札がステージのArtist「御莉姫」「佳鏡院」「氷夏至」「美古途」「夕凪機」の数になるまで山札を引く。,ドロー/魔力α参照